"Category","Function","Title","Text","Weights","info","plausability","scryfall_text","scryfall_link","quantity","percentile"
"Mana Value","CMC <= 2","Frailty","Your commander must have a mana value of 2 or less.","1","","","is:commander legal:commander mv<=2","https://scryfall.com/search?q=is%3Acommander+legal%3Acommander+mv%3C%3D2","519","66,7"
"Mana Value","CMC = 3","Bound to Three","Your commander must have a mana value of exactly 3.","1","","","is:commander legal:commander mv=3","https://scryfall.com/search?q=is%3Acommander+legal%3Acommander+mv%3D3","924","83,8"
"Mana Value","CMC = 4","Rigid Form","Your commander must have a mana value of exactly 4.","1","","","is:commander legal:commander mv=4","https://scryfall.com/search?q=is%3Acommander+legal%3Acommander+mv%3D4","882","81,8"
"Mana Value","CMC >= 5","Crushing Cost","Your commander must have a mana value of 5 or greater.","1","","","is:commander legal:commander mv>=5","https://scryfall.com/search?q=is%3Acommander+legal%3Acommander+mv%3E%3D5","1172","89,9"
"Mana Value","CMC = 1 or CMC >= 8","Extreme Curve","Your commander must have a mana value of exactly 1 or 8 or greater.","1","","","is:commander legal:commander (mv=1 or mv>=8)","https://scryfall.com/search?q=is%3Acommander+legal%3Acommander+%28mv%3D1+or+mv%3E%3D8%29","158","35,4"
"Mana Cost","No colorless mana in costs","Pure Casting","Your commander’s mana cost cannot contain colorless mana symbols.","1","","","is:commander legal:commander mana<={W}{U}{B}{R}{G} -mana:/{[0-9]}/","https://scryfall.com/search?q=is%3Acommander+legal%3Acommander+mana%3C%3D%7BW%7D%7BU%7D%7BB%7D%7BR%7D%7BG%7D+-mana%3A%2F%7B%5B0-9%5D%7D%2F&unique=cards&as=grid&order=name","331","50,5"
"Mana Cost","At least 3 colorless mana in costs","Void-Forged","Your commander’s mana cost must contain at least three colorless mana symbols.","1","","","is:commander legal:commander mana>={3}","https://scryfall.com/search?q=is%3Acommander+legal%3Acommander+mana%3E%3D%7B3%7D&unique=cards&as=grid&order=name","1276","90,9"
"Mana Cost","CMC = odd","Asymmetric Nature","Your commander must have an odd mana value.","1","","","is:commander legal:commander (mv=1 or mv=3 or mv=5 or mv=7 or mv=9 or mv=11 or mv=13 or mv=15)","https://scryfall.com/search?q=is%3Acommander+legal%3Acommander+%28mv%3D1+or+mv%3D3+or+mv%3D5+or+mv%3D7+or+mv%3D9+or+mv%3D11+or+mv%3D13+or+mv%3D15%29&unique=cards&as=grid&order=name","1772","94,9"
"Mana Cost","CMC = even","Perfect Rhythm","Your commander must have an even mana value.","1","","","is:commander legal:commander (mv=0 or mv=2 or mv=4 or mv=6 or mv=8 or mv=10 or mv=12 or mv=14)","https://scryfall.com/search?q=is%3Acommander+legal%3Acommander+%28mv%3D0+or+mv%3D2+or+mv%3D4+or+mv%3D6+or+mv%3D8+or+mv%3D10+or+mv%3D12+or+mv%3D14%29&unique=cards&as=grid&order=name","1725","93,9"
"Stats","Power = 1 or Toughness = 1","Glass Form","Your commander must have power 1 or toughness 1.","1","","","is:commander legal:commander (pow=1 or tou=1)","https://scryfall.com/search?q=is%3Acommander+legal%3Acommander+%28pow%3D1+or+tou%3D1%29","509","64,6"
"Stats","Power <= 2","Weakness","Your commander must have power 2 or less.","1","","","is:commander legal:commander pow<=2","https://scryfall.com/search?q=is%3Acommander+legal%3Acommander+pow%3C%3D2","1408","91,9"
"Stats","Power = 3","Measured Strength","Your commander must have power exactly 3.","1","","","is:commander legal:commander pow=3","https://scryfall.com/search?q=is%3Acommander+legal%3Acommander+pow%3D3","891","82,8"
"Stats","Power = 4","Stifled Strength","Your commander must have power exactly 4.","1","","","is:commander legal:commander pow=4","https://scryfall.com/search?q=is%3Acommander+legal%3Acommander+pow%3D4","570","70,7"
"Stats","Power >= 5","Excessive Might","Your commander must have power 5 or greater.","1","","","is:commander legal:commander pow>=5","https://scryfall.com/search?q=is%3Acommander+legal%3Acommander+pow%3E%3D5","631","74,7"
"Stats","Toughness <= 2","Fragility","Your commander must have toughness 2 or less.","1","","","is:commander legal:commander tou<=2","https://scryfall.com/search?q=is%3Acommander+legal%3Acommander+tou%3C%3D2","940","84,8"
"Stats","Toughness = 3","Limited Endurance","Your commander must have toughness exactly 3.","1","","","is:commander legal:commander tou=3","https://scryfall.com/search?q=is%3Acommander+legal%3Acommander+tou%3D3","940","84,8"
"Stats","Toughness = 4","Hardened Form","Your commander must have toughness exactly 4.","1","","","is:commander legal:commander tou=4","https://scryfall.com/search?q=is%3Acommander+legal%3Acommander+tou%3D4","841","80,8"
"Stats","Toughness >= 5","Overgrown Flesh","Your commander must have toughness 5 or greater.","1","","","is:commander legal:commander tou>=5","https://scryfall.com/search?q=is%3Acommander+legal%3Acommander+tou%3E%3D5","770","77,8"
"Stats","Power > Toughness","Recklessness","Your commander must have greater power than toughness.","1","","","is:commander legal:commander pow>tou","https://scryfall.com/search?q=is%3Acommander+legal%3Acommander+pow%3Etou","552","67,7"
"Stats","Power = Toughness","Perfect Balance","Your commander must have equal power and toughness.","1","","","is:commander legal:commander pow=tou","https://scryfall.com/search?q=is%3Acommander+legal%3Acommander+pow%3Dtou","1856","97"
"Stats","Toughness > Power","Sluggish Form","Your commander must have greater toughness than power.","1","","","is:commander legal:commander tou>pow","https://scryfall.com/search?q=is%3Acommander+legal%3Acommander+tou%3Epow","1138","88,9"
"Commander Type","Double Commander (Partner, Friends Forever, Background, etc.)","Divided Will","Your command zone must consist of exactly two cards (partner, background...).","1","Declare one of the two cards as your main commander — it must be a creature. Both the Burden and the Lore apply only to that card. Only the color criteria has to match both cards.","","legal:commander (o:""partner"" or o:""friends forever"" or t:background)","https://scryfall.com/search?q=legal%3Acommander+%28o%3A%22partner%22+or+o%3A%22friends+forever%22+or+t%3Abackground%29","159","36,4"
"Commander Type","Commander has an activated ability","Forced Invocation","Your commander must have at least one activated ability.","1","","","is:commander legal:commander o:/.*:.*/","https://scryfall.com/search?q=is%3Acommander+legal%3Acommander+o%3A%2F.%2A%3A.%2A%2F","1015","86,9"
"Commander Type","Commander has a triggered ability","Inevitable Fate","Your commander must have at least one triggered ability.","1","","","is:commander legal:commander (o:""when"" or o:""whenever"" or o:""at the beginning"")","https://scryfall.com/search?q=is%3Acommander+legal%3Acommander+%28o%3A%22when%22+or+o%3A%22whenever%22+or+o%3A%22at+the+beginning%22%29","2592","100"
"Commander Type","Pauper Commander (Common/Uncommon)","Humility","Your commander must be a common or uncommon card.","1","","","is:commander legal:commander (rarity:c or rarity:u)","https://scryfall.com/search?q=is%3Acommander+legal%3Acommander+%28rarity%3Ac+or+rarity%3Au%29","840","79,8"
"Commander Type","Must be a planeswalker","Sparkbound","Your commander must be a planeswalker.","1","","","is:commander legal:commander t:planeswalker","https://scryfall.com/search?q=is%3Acommander+legal%3Acommander+t%3Aplaneswalker","36","3"
"Commander Type","Commander has a front and backside","Dual Nature","Your commander must be a double-faced card.","1","Only the front-side needs to match Lore and Burden. Both sides have to match the color criteria.","","is:commander legal:commander is:dfc","https://scryfall.com/search?q=is%3Acommander+legal%3Acommander+is%3Adfc","143","29,3"
"Commander Type","Commander has X in mana cost or rules text","Unstable Potential","Your commander must contain X in its mana cost or rules text.","1","","","is:commander legal:commander (mana:{X} or o:/\{X\}/ or o:/^X / or o:/ X /)","https://scryfall.com/search?q=is%3Acommander+legal%3Acommander+%28mana%3A%7BX%7D+or+o%3A%2F%5C%7BX%5C%7D%2F+or+o%3A%2F%5EX+%2F+or+o%3A%2F+X+%2F%29","356","54,5"
"Rarity","Must be mythic rare","Mythic Destiny","Your commander must be mythic rare.","1","","","is:commander legal:commander rarity:m","https://scryfall.com/search?q=is%3Acommander+legal%3Acommander+rarity%3Am","1061","87,9"
"Rarity","Must be rare","Rare Calling","Your commander must be rare.","1","","","is:commander legal:commander rarity:r","https://scryfall.com/search?q=is%3Acommander+legal%3Acommander+rarity%3Ar","1864","98"
"Color Identity","Commander must be colorless or mono-colored","Singular Focus","Your commander must be colorless or mono-colored using one of the rolled colors.","1","","","is:commander legal:commander (id=0 or color:1)","https://scryfall.com/search?q=is%3Acommander+legal%3Acommander+%28id%3D0+or+color%3A1%29","1846","96"
"Keywords","Keyword: Flying","Skybound Weight","Your commander must have flying.","1","","","is:commander legal:commander keyword:flying","https://scryfall.com/search?q=is%3Acommander+legal%3Acommander+keyword%3Aflying","605","72,7"
"Keywords","Keyword: Trample","Rampaging Force","Your commander must have trample.","1","","","is:commander legal:commander keyword:trample","https://scryfall.com/search?q=is%3Acommander+legal%3Acommander+keyword%3Atrample","231","42,4"
"Keywords","Keyword: Deathtouch","Mortal Touch","Your commander must have deathtouch.","1","","","is:commander legal:commander keyword:deathtouch","https://scryfall.com/search?q=is%3Acommander+legal%3Acommander+keyword%3Adeathtouch","103","24,2"
"Keywords","Keyword: Double Strike or First Strike","Relentless Assault","Your commander must have double strike or first strike.","1","","","is:commander legal:commander (keyword:firststrike OR keyword:doublestrike)","https://scryfall.com/search?q=is%3Acommander+legal%3Acommander+%28keyword%3Afirststrike+OR+keyword%3Adoublestrike%29&unique=cards&as=grid&order=name","146","31,3"
"Keywords","Keyword: Vigilance","Tireless Watch","Your commander must have vigilance.","1","","","is:commander legal:commander keyword:vigilance","https://scryfall.com/search?q=is%3Acommander+legal%3Acommander+keyword%3Avigilance","249","45,5"
"Keywords","Keyword: Menace","Dread Presence","Your commander must have menace.","1","","","is:commander legal:commander keyword:menace","https://scryfall.com/search?q=is%3Acommander+legal%3Acommander+keyword%3Amenace","133","27,3"
"Keywords","Keyword: Lifelink","Leeching Bond","Your commander must have lifelink.","1","","","is:commander legal:commander keyword:lifelink","https://scryfall.com/search?q=is%3Acommander+legal%3Acommander+keyword%3Alifelink","127","26,3"
"Keywords","Keyword: Haste","Unrestrained Fury","Your commander must have haste.","1","","","is:commander legal:commander keyword:haste","https://scryfall.com/search?q=is%3Acommander+legal%3Acommander+keyword%3Ahaste","184","38,4"
"Keywords","At least two keywords","Burden of Many Gifts","Your commander must have at least two keyword abilities.","1","","","is:commander legal:commander o:/^(Flying|Trample|Deathtouch|Haste|Vigilance|Lifelink|Menace|Hexproof|Ward|Shroud)./","https://scryfall.com/search?q=is%3Acommander+legal%3Acommander+o%3A%2F%5E%28Flying%7CTrample%7CDeathtouch%7CHaste%7CVigilance%7CLifelink%7CMenace%7CHexproof%7CWard%7CShroud%29.%2F&unique=cards&as=grid&order=name","363","56,6"
"Keywords","Keyword: Ward or Hexproof","Untouchable Form","Your commander must have ward or hexproof.","1","","","is:commander legal:commander (keyword:ward or keyword:hexproof)","https://scryfall.com/search?q=is%3Acommander+legal%3Acommander+%28keyword%3Award+or+keyword%3Ahexproof%29","93","20,2"
"Keywords","Keyword: Flash","Swift Arrival","Your commander must have flash.","1","","","is:commander legal:commander keyword:flash","https://scryfall.com/search?q=is%3Acommander+legal%3Acommander+keyword%3Aflash&unique=cards&as=grid&order=name","80","14,1"
"Rules Text","Oracle: 'Food', 'Treasure', 'Clue', or 'Blood'","Token Tithe","Your commander’s rules text must contain ""Food"", ""Treasure"", ""Clue"", or ""Blood"".","1","","","is:commander legal:commander (o:""Food"" or o:""Treasure"" or o:""Clue"" or o:""Blood"")","https://scryfall.com/search?q=is%3Acommander+legal%3Acommander+%28o%3A%22Food%22+or+o%3A%22Treasure%22+or+o%3A%22Clue%22+or+o%3A%22Blood%22%29","169","37,4"
"Rules Text","Oracle: 'Sacrifice'","Blood Price","Your commander’s rules text must contain ""Sacrifice"".","1","","","is:commander legal:commander o:""sacrifice""","https://scryfall.com/search?q=is%3Acommander+legal%3Acommander+o%3A%22sacrifice%22","383","58,6"
"Rules Text","Oracle: 'Token'","Summoned Host","Your commander’s rules text must contain ""Token"".","1","","","is:commander legal:commander o:""token""","https://scryfall.com/search?q=is%3Acommander+legal%3Acommander+o%3A%22token%22","771","78,8"
"Rules Text","Oracle: '+1/+1 counter'","Growing Burden","Your commander’s rules text must contain ""+1/+1 counter"".","1","","","is:commander legal:commander o:""+1/+1 counter""","https://scryfall.com/search?q=is%3Acommander+legal%3Acommander+o%3A%22%2B1%2F%2B1+counter%22","610","73,7"
"Rules Text","Oracle: 'Whenever you'","Reactive Curse","Your commander’s rules text must contain ""Whenever you"".","1","","","is:commander legal:commander o:""Whenever you""","https://scryfall.com/search?q=is%3Acommander+legal%3Acommander+o%3A%22Whenever+you%22","557","68,7"
"Rules Text","Oracle: 'At the beginning of'","Cycle of Fate","Your commander’s rules text must contain ""At the beginning of"".","1","","","is:commander legal:commander o:""At the beginning of""","https://scryfall.com/search?q=is%3Acommander+legal%3Acommander+o%3A%22At+the+beginning+of%22","506","63,6"
"Rules Text","Oracle: 'Exile'","Void Calling","Your commander’s rules text must contain ""Exile"".","1","","","is:commander legal:commander o:""exile""","https://scryfall.com/search?q=is%3Acommander+legal%3Acommander+o%3A%22exile%22","434","60,6"
"Rules Text","Oracle: 'Land'","Earthbound Pact","Your commander’s rules text must contain ""Land"".","1","","","is:commander legal:commander o:""land""","https://scryfall.com/search?q=is%3Acommander+legal%3Acommander+o%3A%22land%22","368","57,6"
"Rules Text","Oracle: 'Equipment'","Armament Dependency","Your commander’s rules text must contain ""Equipment"".","1","","","is:commander legal:commander o:""Equipment""","https://scryfall.com/search?q=is%3Acommander+legal%3Acommander+o%3A%22Equipment%22","81","16,2"
"Rules Text","Oracle: 'Target creature'","Directed Malice","Your commander’s rules text must contain ""Target creature"".","1","","","is:commander legal:commander o:""target creature""","https://scryfall.com/search?q=is%3Acommander+legal%3Acommander+o%3A%22target+creature%22","560","69,7"
"Rules Text","Oracle: 'Graveyard'","Gravebound","Your commander’s rules text must contain ""Graveyard"".","1","","","is:commander legal:commander o:""graveyard""","https://scryfall.com/search?q=is%3Acommander+legal%3Acommander+o%3A%22graveyard%22","515","65,7"
"Rules Text","Oracle: 'Discard'","Mind Rot","Your commander’s rules text must contain ""Discard"".","1","","","is:commander legal:commander o:""discard""","https://scryfall.com/search?q=is%3Acommander+legal%3Acommander+o%3A%22discard%22","218","40,4"
"Rules Text","Oracle: 'Draw'","Insightful Pact","Your commander’s rules text must contain ""Draw"".","1","","","is:commander legal:commander o:""draw""","https://scryfall.com/search?q=is%3Acommander+legal%3Acommander+o%3A%22draw%22","637","75,8"
"Rules Text","Oracle: 'When ~ enters'","Arrival Trigger","Your commander’s rules text must contain ""Enters the battlefield"".","1","","","is:commander legal:commander o:""when ~ enters""","https://scryfall.com/search?q=is%3Acommander+legal%3Acommander+o%3A%22when+%7E+enters%22&unique=cards&as=grid&order=name","481","62,6"
"Rules Text","Oracle: '1/1'","Tiny Legion","Your commander’s rules text must contain ""1/1"".","1","","","is:commander legal:commander o:""1/1""","https://scryfall.com/search?q=is%3Acommander+legal%3Acommander+o%3A%221%2F1%22","243","43,4"
"Rules Text","Oracle: 'Instant or sorcery'","Spellbound","Your commander’s rules text must contain ""Instant"" or ""sorcery"".","1","","","is:commander legal:commander (o:""instant"" OR o:""sorcery"") ","https://scryfall.com/search?q=is%3Acommander+legal%3Acommander+%28o%3A%22instant%22+OR+o%3A%22sorcery%22%29&unique=cards&as=grid&order=name","245","44,4"
"Rules Text","Oracle: 'Enchantment'","Mystic Binding","Your commander’s rules text must contain ""Enchantment"".","1","","","is:commander legal:commander o:""enchantment""","https://scryfall.com/search?q=is%3Acommander+legal%3Acommander+o%3A%22enchantment%22","76","12,1"
"Rules Text","Oracle: 'Artifact'","Forged Reliance","Your commander’s rules text must contain ""Artifact"".","1","","","is:commander legal:commander o:""artifact""","https://scryfall.com/search?q=is%3Acommander+legal%3Acommander+o%3A%22artifact%22","356","54,5"
"Rules Text","Oracle: 'Opponent'","Hostile Intent","Your commander’s rules text must contain ""Opponent"".","1","","","is:commander legal:commander o:""opponent""","https://scryfall.com/search?q=is%3Acommander+legal%3Acommander+o%3A%22opponent%22","578","71,7"
"Rules Text","Oracle: 'Other creatures'","Shared Command","Your commander’s rules text must contain ""Other creatures"".","1","","","is:commander legal:commander o:""other creatures""","https://scryfall.com/search?q=is%3Acommander+legal%3Acommander+o%3A%22other+creatures%22","90","19,2"
"Rules Text","Oracle: 'Whenever ~ attacks'","Battle Cry","Your commander’s rules text must contain ""Whenever ~ attacks"".","1","","","is:commander legal:commander o:""whenever ~ attacks""","https://scryfall.com/search?q=is%3Acommander+legal%3Acommander+o%3A%22whenever+~+attacks%22","331","50,5"
"Rules Text","Oracle: 'Cast a spell'","Arcane Momentum","Your commander’s rules text must contain ""Cast a spell"".","1","","","is:commander legal:commander o:""cast a spell""","https://scryfall.com/search?q=is%3Acommander+legal%3Acommander+o%3A%22cast+a+spell%22","99","21,2"
"Rules Text","Oracle: 'End step'","Twilight Scheme","Your commander’s rules text must contain ""End step"".","1","","","is:commander legal:commander o:""end step""","https://scryfall.com/search?q=is%3Acommander+legal%3Acommander+o%3A%22end+step%22","253","46,5"
"Rules Text","Oracle: 'Second'","Split Seconds","Your commander’s rules text must contain ""Second"".","1","","","is:commander legal:commander o:""second""","https://scryfall.com/search?q=is%3Acommander+legal%3Acommander+o%3A%22second%22","68","8,1"
"Rules Text","Oracle: 'Create'","Expanding Influence","Your commander’s rules text must contain ""Create"".","1","","","is:commander legal:commander o:""create""","https://scryfall.com/search?q=is%3Acommander+legal%3Acommander+o%3A%22create%22","698","76,8"
"Rules Text","Oracle: 'Whenever an opponent'","Shared Consequences","Your commander’s rules text must contain ""Whenever an opponent"".","1","","","is:commander legal:commander o:""Whenever an opponent""","https://scryfall.com/search?q=is%3Acommander+legal%3Acommander+o%3A%22Whenever+an+opponent%22","52","4"
"Rules Text","Oracle: 'Combat damage'","Bloodied Path","Your commander’s rules text must contain ""Combat damage"".","1","","","is:commander legal:commander o:""combat damage""","https://scryfall.com/search?q=is%3Acommander+legal%3Acommander+o%3A%22combat+damage%22","330","49,5"
"Rules Text","Oracle: 'Dies'","Final Breath","Your commander’s rules text must contain ""Dies"".","1","","","is:commander legal:commander o:""dies""","https://scryfall.com/search?q=is%3Acommander+legal%3Acommander+o%3A%22dies%22","219","41,4"
"Rules Text","Oracle: 'Pay'","Costly Bargain","Your commander’s rules text must contain ""Pay"".","1","","","is:commander legal:commander o:""pay""","https://scryfall.com/search?q=is%3Acommander+legal%3Acommander+o%3A%22pay%22","293","47,5"
"Rules Text","Oracle: 'Destroy'","Ruinous Decree","Your commander’s rules text must contain ""Destroy"".","1","","","is:commander legal:commander o:""destroy""","https://scryfall.com/search?q=is%3Acommander+legal%3Acommander+o%3A%22destroy%22","86","17,2"
"Rules Text","Oracle: 'Return'","Endless Recursion","Your commander’s rules text must contain ""Return"".","1","","","is:commander legal:commander o:""return""","https://scryfall.com/search?q=is%3Acommander+legal%3Acommander+o%3A%22return%22","321","48,5"
"Rules Text","Oracle: 'Library'","Hidden Knowledge","Your commander’s rules text must contain ""Library"".","1","","","is:commander legal:commander o:""library""","https://scryfall.com/search?q=is%3Acommander+legal%3Acommander+o%3A%22library%22","397","59,6"
"Rules Text","Oracle: 'Gain life' or 'Lose life'","Vital Exchange","Your commander's rules text must contain ""Gain life"" or ""Lose life"".","1","","","is:commander legal:commander (o:""gain life"" or o:""lose life"")","https://scryfall.com/search?q=is%3Acommander+legal%3Acommander+%28o%3A%22gain+life%22+or+o%3A%22lose+life%22%29&unique=cards&as=grid&order=name","57","6,1"
"Creature Types","Has exactly two creature types","Dual Heritage","Your commander must have exactly two creature types.","1","","","is:commander legal:commander type:/^Legendary Creature — \w+ \w+$/ -type:/^Legendary Creature — \w+ \w+ \w+/","https://scryfall.com/search?q=is%3Acommander+legal%3Acommander+type%3A%2F%5ELegendary+Creature+%E2%80%94+%5Cw%2B+%5Cw%2B%24%2F+-type%3A%2F%5ELegendary+Creature+%E2%80%94+%5Cw%2B+%5Cw%2B+%5Cw%2B%2F&unique=cards&as=grid&order=name","2097","99"
"Creature Types","Has exactly one creature types","Solo Heritage","Your commander must have exactly one creature types.","1","","","is:commander legal:commander type=/^Legendary Creature — \w+$/ -type=/^Legendary Creature — \w+ \w+/","https://scryfall.com/search?q=is%3Acommander+legal%3Acommander+type%3D%2F%5ELegendary+Creature+%E2%80%94+%5Cw%2B%24%2F+-type%3D%2F%5ELegendary+Creature+%E2%80%94+%5Cw%2B+%5Cw%2B%2F","436","61,6"
"Tribal","Scout, Ranger, Archer","Pathfinders","Your commander must be a Scout or Ranger or Archer.","1","","","is:commander legal:commander (t:scout or t:ranger or t:archer)","https://scryfall.com/search?q=is%3Acommander+legal%3Acommander+%28t%3Ascout+or+t%3Aranger+or+t%3Aarcher%29","86","17,2"
"Tribal","Beast, Bear, Wolf","Wild Hunt","Your commander must be a Beast or Bear or Wolf.","1","","","is:commander legal:commander (t:beast or t:bear or t:wolf)","https://scryfall.com/search?q=is%3Acommander+legal%3Acommander+%28t%3Abeast+or+t%3Abear+or+t%3Awolf%29","55","5,1"
"Tribal","Elf or Dwarf","Ancient Clans","Your commander must be a Elf or Dwarf.","1","","","is:commander legal:commander (t:elf or t:dwarf)","https://scryfall.com/search?q=is%3Acommander+legal%3Acommander+%28t%3Aelf+or+t%3Adwarf%29","192","39,4"
"Tribal","Human","Mortal Coil","Your commander must be a Human.","1","","","is:commander legal:commander t:human","https://scryfall.com/search?q=is%3Acommander+legal%3Acommander+t%3Ahuman","1431","92,9"
"Tribal","Orc, Goblin, Ogre, Troll","Savage Horde","Your commander must be a Orc or Goblin or Ogre or Troll.","1","","","is:commander legal:commander (t:orc or t:goblin or t:ogre or t:troll)","https://scryfall.com/search?q=is%3Acommander+legal%3Acommander+%28t%3Aorc+or+t%3Agoblin+or+t%3Aogre+or+t%3Atroll%29","101","22,2"
"Tribal","Berserker, Barbarian, Warrior","Battleborn","Your commander must be a Berserker or Barbarian or Warrior.","1","","","is:commander legal:commander (t:berserker or t:barbarian or t:warrior)","https://scryfall.com/search?q=is%3Acommander+legal%3Acommander+%28t%3Aberserker+or+t%3Abarbarian+or+t%3Awarrior%29","337","52,5"
"Tribal","Druid, Shaman","Primal Ritual","Your commander must be a Druid or Shaman.","1","","","is:commander legal:commander (t:druid or t:shaman)","https://scryfall.com/search?q=is%3Acommander+legal%3Acommander+%28t%3Adruid+or+t%3Ashaman%29","154","33,3"
"Tribal","Skeleton, Zombie, Vampire","Undying Hunger","Your commander must be a Skeleton or Zombie or Vampire.","1","","","is:commander legal:commander (t:skeleton or t:zombie or t:vampire)","https://scryfall.com/search?q=is%3Acommander+legal%3Acommander+%28t%3Askeleton+or+t%3Azombie+or+t%3Avampire%29","156","34,3"
"Tribal","Wizard, Warlock","Forbidden Study","Your commander must be a Wizard or Warlock.","1","","","is:commander legal:commander (t:wizard or t:warlock)","https://scryfall.com/search?q=is%3Acommander+legal%3Acommander+%28t%3Awizard+or+t%3Awarlock%29","345","53,5"
"Tribal","Faerie, Kobold, Imp, Devil, Gremlin","Chaotic Mischief","Your commander must be a Faerie or Kobold or Imp or Devil or Gremlin.","1","","","is:commander legal:commander (t:faerie or t:kobold or t:imp or t:devil or t:gremlin)","https://scryfall.com/search?q=is%3Acommander+legal%3Acommander+%28t%3Afaerie+or+t%3Akobold+or+t%3Aimp+or+t%3Adevil+or+t%3Agremlin%29","35","2"
"Tribal","Pirate, Mercenary, Rebel","Lawless Seas","Your commander must be a Pirate or Mercenary or Rebel.","1","","","is:commander legal:commander (t:pirate or t:mercenary or t:rebel)","https://scryfall.com/search?q=is%3Acommander+legal%3Acommander+%28t%3Apirate+or+t%3Amercenary+or+t%3Arebel%29","80","14,1"
"Tribal","Assassin, Ninja, Samurai","Silent Blades","Your commander must be a Assassin or Ninja or Samurai.","1","","","is:commander legal:commander (t:assassin or t:ninja or t:samurai)","https://scryfall.com/search?q=is%3Acommander+legal%3Acommander+%28t%3Aassassin+or+t%3Aninja+or+t%3Asamurai%29","150","32,3"
"Tribal","Cat or Dog","Faithful Companion","Your commander must be a Cat or Dog.","1","","","is:commander legal:commander (t:cat or t:dog)","https://scryfall.com/search?q=is%3Acommander+legal%3Acommander+%28t%3Acat+or+t%3Adog%29","74","10,1"
"Tribal","Squirrel, Rat, Mouse","Tiny Terrors","Your commander must be a Squirrel or Rat or Mouse.","1","","","is:commander legal:commander (t:squirrel or t:rat or t:mouse)","https://scryfall.com/search?q=is%3Acommander+legal%3Acommander+%28t%3Asquirrel+or+t%3Arat+or+t%3Amouse%29","32","1"
"Tribal","Snake, Lizard, Turtle, Frog","Cold-Blooded","Your commander must be a Snake or Lizard or Turtle or Frog.","1","","","is:commander legal:commander (t:snake or t:lizard or t:turtle or t:frog)","https://scryfall.com/search?q=is%3Acommander+legal%3Acommander+%28t%3Asnake+or+t%3Alizard+or+t%3Aturtle+or+t%3Afrog%29","102","23,2"
"Tribal","Insect, Spider","Creeping Swarm","Your commander must be a Insect or Spider.","1","","","is:commander legal:commander (t:insect or t:spider)","https://scryfall.com/search?q=is%3Acommander+legal%3Acommander+%28t%3Ainsect+or+t%3Aspider%29","71","9,1"
"Tribal","Merfolk, Octopus, Leviathan, Kraken","Depths of the Sea","Your commander must be a Merfolk or Octopus or Leviathan or Kraken.","1","","","is:commander legal:commander (t:merfolk or t:octopus or t:leviathan or t:kraken)","https://scryfall.com/search?q=is%3Acommander+legal%3Acommander+%28t%3Amerfolk+or+t%3Aoctopus+or+t%3Aleviathan+or+t%3Akraken%29","67","7,1"
"Tribal","Elemental, Avatar","Primal Essence","Your commander must be a Elemental or Avatar.","1","","","is:commander legal:commander (t:elemental or t:avatar)","https://scryfall.com/search?q=is%3Acommander+legal%3Acommander+%28t%3Aelemental+or+t%3Aavatar%29","140","28,3"
"Tribal","Angel, Demon","Divine Conflict","Your commander must be a Angel or Demon.","1","","","is:commander legal:commander (t:angel or t:demon)","https://scryfall.com/search?q=is%3Acommander+legal%3Acommander+%28t%3Aangel+or+t%3Ademon%29","116","25,3"
"Tribal","Eldrazi, Horror, Nightmare","Beyond Reality","Your commander must be a Eldrazi or Horror or Nightmare.","1","","","is:commander legal:commander (t:eldrazi or t:horror or t:nightmare)","https://scryfall.com/search?q=is%3Acommander+legal%3Acommander+%28t%3Aeldrazi+or+t%3Ahorror+or+t%3Anightmare%29","76","12,1"
"Tribal","Dragon, Hydra","Ancient Titans","Your commander must be a Dragon or Hydra.","1","","","is:commander legal:commander (t:dragon or t:hydra)","https://scryfall.com/search?q=is%3Acommander+legal%3Acommander+%28t%3Adragon+or+t%3Ahydra%29","144","30,3"
"Tribal","Fungus, Saproling, Treefolk, Plant","Overgrown Colony","Your commander must be a Fungus or Saproling or Treefolk or Plant.","1","","","is:commander legal:commander (t:fungus or t:saproling or t:treefolk or t:plant)","https://scryfall.com/search?q=is%3Acommander+legal%3Acommander+%28t%3Afungus+or+t%3Asaproling+or+t%3Atreefolk+or+t%3Aplant%29","26","0"
"Tribal","Phyrexian","Compleation","Your commander must be a Phyrexian.","1","","","is:commander legal:commander t:phyrexian","https://scryfall.com/search?q=is%3Acommander+legal%3Acommander+t%3Aphyrexian","74","10,1"
