Category,Function,Start,End,Title,Text,rerolls,Weights,info,scryfall_text,scryfall_link,plausability
Card Advantage,At least X spells that draw cards,14,18,Revelation,At least X cards with draw effects,X,1,,oracle:draw,https://scryfall.com/search?q=oracle:draw,N/A
Mechanic,At least X cards damage to you,6,8,Blood Price,At least X cards that deal damage to you,X,1,,oracletag:life-payment,https://scryfall.com/search?q=oracletag:life-payment,N/A
Mechanic,At least X cards benefit other players,10,14,Generosity,At least X cards that benefit opponents,X,1,,oracletag:group-hug,https://scryfall.com/search?q=oracletag:group-hug,N/A
Mechanic,At least X alternative wins,4,5,Prophecy,At least X alternate win conditions,X,1,,oracletag:alternate-win-condition,https://scryfall.com/search?q=oracletag:alternate-win-condition,N/A
Mechanic,At least X flicker/bounce,8,13,Displacement,At least X cards with flicker or blink effects,X,1,,oracletag:blink or oracletag:flicker,https://scryfall.com/search?q=oracletag:blink+or+oracletag:flicker,N/A
Mechanic,At least X make discard,8,12,Madness,At least X cards with discard effects,X,1,,oracle:discard,https://scryfall.com/search?q=oracle:discard,N/A
Mechanic,At least X planeswalkers,6,10,The Oath,At least X planeswalkers,X,1,,type:planeswalker,https://scryfall.com/search?q=type:planeswalker,N/A
Mechanic,At least X reveal effects,8,14,Unraveling,"At least X cards with ""reveal the top"", discover, or cascade effects",X,1,,"oracle:""reveal the"" or oracle:cascade or oracle:discover",https://scryfall.com/search?q=oracle:%22reveal+the%22+or+oracle:cascade+or+oracle:discover,N/A
Mechanic,At least X steal effects,5,7,Treason,At least X cards with steal or control effects,X,1,,"oracle:""gain control""",https://scryfall.com/search?q=oracle%3A%22gain+control%22&unique=cards&as=grid&order=name,N/A
Mechanic,At least X gain life,6,10,Blessing,At least X cards with lifegain effects (excluding lifelink),X,1,,"oracletag:lifegain -oracle:""lifelink""",https://scryfall.com/search?q=oracletag%3Alifegain+-oracle%3A%22lifelink%22&unique=cards&as=grid&order=name,N/A
Mechanic,At least X upkeep triggers,6,8,Inevitable Doom,At least X cards with upkeep triggers,X,1,,"oracle:""at the beginning of your upkeep"" or oracle:""at the beginning of each upkeep""",https://scryfall.com/search?q=oracle%3A%22at+the+beginning+of+your+upkeep%22+or+oracle%3A%22at+the+beginning+of+each+upkeep%22&unique=cards&as=grid&order=name,N/A
Card Advantage,At least X cantrips,12,18,Whispers,At least X cantrips,X,1,,oracletag:cantrip,https://scryfall.com/search?q=oracletag%3Acantrip&unique=cards&as=grid&order=name,N/A
Mechanic,At least X +1/+1 counters,10,14,Ascension,At least X cards that distribute +1/+1 counter,X,1,,oracletag:gives-pp-counters,https://scryfall.com/search?q=oracletag:gives-pp-counters,N/A
Mechanic,At least X sacrifice,10,16,Ritual,"At least X cards that require ""sacrifice"".",X,1,,oracletag:sacrifice-outlet-artifact or oracletag:sacrifice-outlet-creature or oracletag:sacrifice-outlet-enchantment or oracletag:sacrifice-self,https://scryfall.com/search?q=oracletag%3Asacrifice-outlet-artifact+or+oracletag%3Asacrifice-outlet-creature+or+oracletag%3Asacrifice-outlet-enchantment+or+oracletag%3Asacrifice-self&unique=cards&as=grid&order=name,N/A
Mechanic,At least X cast triggers,8,10,Stormcall,At least X cards with cast triggers,X,1,,oracletag:cast-trigger,https://scryfall.com/search?as=grid&order=name&page=3&q=oracletag%3Acast-trigger&unique=cards,N/A
Mechanic,At least X random,4,6,Pandemonium,"At least X cards with random effects (coin, dice)",X,1,,oracletag:dice-roll or oracletag:coin-flip,https://scryfall.com/search?q=oracletag%3Adice-roll+or+oracletag%3Acoin-flip&unique=cards&as=grid&order=released,N/A
Card Types,At least X equipment cards,10,13,Armory,At least X Equipment cards,X,1,,type:equipment,https://scryfall.com/search?q=type:equipment,artifact
Card Types,At least X artifact cards,16,24,Machinations,At least X artifacts cards,X,1,,type:artifact,https://scryfall.com/search?q=type:artifact,artifact
Card Types,At least X enchantment cards,16,24,Ascension,At least X enchantments cards,X,1,,type:enchantment,https://scryfall.com/search?q=type:enchantment,enchantment
Card Types,At least X cards with different modes,6,10,Forked Fate,At least X modal cards,X,1,,oracletag:modal,https://scryfall.com/search?q=oracletag:modal,N/A
Card Types,At least X legendary permanents,14,20,Dynasties,At least X legendary permanents,X,1,,type:legendary,https://scryfall.com/search?q=type:legendary,legendary
Card Types,At most X legendary permanents,5,1,Revolt,At most X legendary permanents,X,1,,type:legendary,https://scryfall.com/search?q=type:legendary,legendary
Card Types,At least X vanilla creatures,6,9,Simplicity,At least X vanilla creatures,X,1,,is:vanilla ,https://scryfall.com/search?q=is%3Avanilla&unique=cards&as=grid&order=released,creature-count
Card Types,No enchantments,N/A,N/A,Disenchanting,No enchantments,1,1,,-type:enchantment,https://scryfall.com/search?q=-type:enchantment,enchantment
Card Types,No sorceries,N/A,N/A,Silence,No sorceries,2,1,,-type:sorcery,https://scryfall.com/search?q=-type:sorcery,sorcery
Card Types,No artifacts,N/A,N/A,Rust,No artifacts,2,1,,-type:artifact,https://scryfall.com/search?q=-type:artifact,artifact
Card Types,At most X mythic rare,4,1,Scarcity,At most X mythic cards,X,1,,rarity:mythic,https://scryfall.com/search?q=rarity%3Amythic&unique=cards&as=grid&order=name,rarity
Card Types,At most X rare,10,4,Austerity,At most X rare cards,X,1,,rarity:rare,https://scryfall.com/search?q=rarity%3Arare&unique=cards&as=grid&order=name,rarity
Card Types,At least X aura enchantments,10,16,Binding,At least X Aura cards,X,1,,type:aura,https://scryfall.com/search?q=type%3Aaura&unique=cards&as=grid&order=name,enchantment
Card Types,At least X sagas,8,12,Legendsong,At least X Saga cards,X,1,,type:saga,https://scryfall.com/search?q=type%3Asaga&unique=cards&as=grid&order=name,enchantment
Card Types,At least X historic,20,32,Remembrance,At least X historic cards,X,1,,is:historic,https://scryfall.com/search?q=is%3Ahistoric&unique=cards&as=grid&order=name,N/A
Card Types,At most X artifacts,4,1,Shatterstorm,At most X artifact cards,X,1,,type:artifact,https://scryfall.com/search?q=-type:artifact,artifact
Card Types,At least X double-faced,8,12,Twilight,At least X double-faced cards,X,1,,is:double-faced f:c,https://scryfall.com/search?q=is%3Adouble-faced+f%3Ac&unique=cards&as=grid&order=name,N/A
Combat,At least X combat triggers,10,16,War March,At least X cards with attack triggers,X,1,,oracletag:attack-trigger,https://scryfall.com/search?q=oracletag%3Aattack-trigger,N/A
Combat,At least X unblockable,6,10,Shadow War,At least X unblockable creatures,X,1,,oracletag:unblockable,https://scryfall.com/search?q=oracletag%3Aunblockable&unique=cards&as=grid&order=name,N/A
Creatures,At least X creature cards,28,36,Migration,At least X creatures,X,1,,type:creature,https://scryfall.com/search?q=type%3Acreature&unique=cards&as=grid&order=name,creature-count
Creatures,All creatures equal power,N/A,N/A,Uniformity,All creatures share the same power,3,1,,N/A,https://scryfall.com/search?q=type:creature,creature-shape
Creatures,All creatures equal toughness,N/A,N/A,Stonewall,All creatures share the same toughness,3,1,,N/A,https://scryfall.com/search?q=type:creature,creature-shape
Creatures,No creatures cost 2 or more,N/A,N/A,Peasantry,Only creatures with mana value 2 or less,2,1,,type:creature mv<=2,https://scryfall.com/search?q=type:creature+mv<=2,creature-mv
Creatures,No creatures cost 5 or less,N/A,N/A,Titanswake,Only creatures with mana value 5 or greater,2,1,,type:creature mv>=5,https://scryfall.com/search?q=type:creature+mv>=5,creature-mv
Creatures,No creatures power > 4,N/A,N/A,Restraint,No creatures with power greater than 4,2,1,,type:creature pow<=4,https://scryfall.com/search?q=type:creature+pow<=4,creature-power
Creatures,No creatures power < 4,N/A,N/A,Dominance,No creatures with power less than 4,2,1,,type:creature pow>=4,https://scryfall.com/search?q=type:creature+pow>=4,creature-power
Creatures,At least X target own,10,16,Devotion,At least X cards that target your own creatures,X,1,,"(oracle:""target"" AND oracle:""you control"")",https://scryfall.com/search?q=%28oracle%3A%22target%22+AND+oracle%3A%22you+control%22%29&unique=cards&as=grid&order=name,N/A
Mechanic,At least X mount/crew/saddle,6,9,Mounted Charge,"At least X cards with crew, saddle or station",X,1,,"oracle:""Crew"" OR oracle:""Station"" OR oracle:""Saddle""",https://scryfall.com/search?q=oracle%3A%22Crew%22+OR+oracle%3A%22Station%22+OR+oracle%3A%22Saddle%22&unique=cards&as=grid&order=name,N/A
Creatures,Exactly X cats and X dogs,4,10,Companions,Exactly X Cats and X Dogs,X,1,,type:creature (type:cat or type:dog),https://scryfall.com/search?q=type:creature+(type:cat+or+type:dog),tribal
Mechanic,At least X creatures with death triggers,8,16,Last Breath,At least X death triggers,X,1,,oracletag:death-trigger,https://scryfall.com/search?q=oracletag%3Adeath-trigger,N/A
Creatures,At most X creatures,12,6,Solitude,At most X creatures,X,1,,type:creature,https://scryfall.com/search?q=type:creature,creature-count
Creatures,All equal power/toughness,N/A,N/A,Symmetry,All creatures have equal power and toughness,2,1,,type:creature pow=tou,https://scryfall.com/search?q=type%3Acreature+pow%3Dtou&unique=cards&as=grid&order=name,creature-shape
Creatures,All higher power,N/A,N/A,Aggression,All creatures have greater power than toughness,2,1,,type:creature pow>tou,https://scryfall.com/search?q=type%3Acreature+pow%3Etou&unique=cards&as=grid&order=name,creature-shape
Creatures,All higher toughness,N/A,N/A,Fortification,All creatures have greater toughness than power,2,1,,type:creature pow<tou,https://scryfall.com/search?q=type%3Acreature+pow%3Ctou&unique=cards&as=grid&order=name,creature-shape
Mechanic,At least X tap abilities,12,18,Industry,At least X tap abilities on non-land permanents,X,1,,"o:""{T}:"" type:creature",https://scryfall.com/search?q=o%3A%22%7BT%7D%3A%22+type%3Acreature&unique=cards&as=grid&order=name,N/A
Mechanic,At least X enter triggers,10,16,Homecoming,At least X permanents with ETB effects,X,1,,is:etb and is:permanent,https://scryfall.com/search?q=is%3Aetb+and+is%3Apermanent&unique=cards&as=grid&order=name,N/A
Mechanic,At least X activated,10,16,Ingenuity,At least X creatures with activated abilities,X,1,,otag:activated-ability type:creature,https://scryfall.com/search?q=otag%3Aactivated-ability+type%3Acreature&unique=cards&as=grid&order=name,N/A
Creatures,At least X zero power,6,12,Pacifism,At least X creatures with 0 power,X,1,,power=0 toughness!=0,https://scryfall.com/search?q=power%3D0+toughness%21%3D0&unique=cards&as=grid&order=cmc&dir=desc,creature-power
Graveyard,At least X cards that play from exile,6,12,Beyond the Veil,At least X cards that let you play from exile,X,1,,oracletag:castable-from-exile,https://scryfall.com/search?q=oracletag%3Acastable-from-exile,N/A
Graveyard,At least X cards that mill or surveil,10,16,Paranoia,At least X cards with mill or surveil effects,X,1,,oracletag:mill or oracletag:surveil,https://scryfall.com/search?q=oracletag%3Amill+or+oracletag%3Asurveil&unique=cards&as=grid&order=name,N/A
Graveyard,At least X reanimation effects,6,10,Necromancy,At least X cards with reanimation effects,X,1,,oracletag:reanimate,https://scryfall.com/search?q=oracletag%3Areanimate,N/A
Graveyard,At least X return,8,12,Gravetide,At least X cards with graveyard recursion effects,X,1,,oracletag:recursion,https://scryfall.com/search?q=oracletag%3Arecursion&unique=cards&as=grid&order=name,N/A
Interaction,At least X board wipes,3,6,Lost Friendship,At least X board wipes,X,1,,otag:sweeper,https://scryfall.com/search?q=otag%3Asweeper&unique=cards&as=grid&order=name,removal
Interaction,At least X removal spells,14,18,Execution,At least X spot removal spells,X,1,,oracletag:spot-removal,https://scryfall.com/search?q=oracletag%3Aspot-removal&unique=cards&as=grid&order=name,removal
Interaction,No removal spells,N/A,N/A,All Gas no Breaks,No removal spells (spot and boardwipe),2,1,,oracletag:spot-removal or oracletag:sweeper,https://scryfall.com/search?q=oracletag%3Aspot-removal+or+oracletag%3Asweeper&unique=cards&as=grid&order=name,removal
Interaction,At least X counterspells,8,12,Denial,At least X counterspells,X,1,,oracletag:counterspell,https://scryfall.com/search?q=oracletag%3Acounterspell&unique=cards&as=grid&order=name,instant
Interaction,At least X ping effects,8,12,Inferno,At least X cards with direct damage effects (ping).,X,1,,"oracle:""damage to target player"" OR oracletag:pinger",https://scryfall.com/search?q=oracle%3A%22damage+to+target+player%22+OR+oracletag%3Apinger&unique=cards&as=grid&order=name,N/A
Keywords,At least X creatures with flying,10,16,Skies Ablaze,At least X creatures with flying ,X,1,,type:creature keyword:flying,https://scryfall.com/search?q=type:creature+keyword:flying,N/A
Keywords,At least X creatures with trample,10,16,Stampede,At least X creatures with trample,X,1,,type:creature keyword:trample,https://scryfall.com/search?q=type:creature+keyword:trample,N/A
Keywords,At least X creatures with deathtouch,6,10,Plague,At least X  creatures with deathtouch,X,1,,type:creature keyword:deathtouch,https://scryfall.com/search?q=type:creature+keyword:deathtouch,N/A
Keywords,At least X creatures with double strike,5,8,Frenzy,At least X  creatures with double strike,X,1,,type:creature keyword:doublestrike,https://scryfall.com/search?q=type:creature+keyword:doublestrike,N/A
Keywords,At least X creatures with first strike,8,12,Duelist’s Code,At least X  creatures with first strike ,X,1,,type:creature keyword:firststrike,https://scryfall.com/search?q=type:creature+keyword:firststrike,N/A
Keywords,At least X creatures with vigilance,8,12,Eternal Watch,At least X  creatures with vigilance,X,1,,type:creature keyword:vigilance,https://scryfall.com/search?q=type:creature+keyword:vigilance,N/A
Keywords,At least X creatures with menace,8,12,Terror,At least X  creatures with menace,X,1,,type:creature keyword:menace,https://scryfall.com/search?q=type:creature+keyword:menace,N/A
Keywords,At least X creatures with lifelink,6,10,Vitality,At least X creatures with lifelink,X,1,,type:creature keyword:lifelink,https://scryfall.com/search?q=type:creature+keyword:lifelink,N/A
Keywords,At least X creatures with haste,8,12,Blitz,At least X creatures with haste ,X,1,,type:creature keyword:haste,https://scryfall.com/search?q=type:creature+keyword:haste,N/A
Keywords,At least X creatures with ward/hexproof,5,8,Sanctuary,At least X creatures with ward or hexproof ,X,1,,type:creature (keyword:hexproof or keyword:ward),https://scryfall.com/search?q=type:creature+(keyword:hexproof+or+keyword:ward),N/A
Keywords,At least X cards with flash,7,10,Ambush,At least X cards with flash,X,1,,keyword:flash,https://scryfall.com/search?q=keyword:flash,N/A
Keywords,At least X landfall,6,10,Worldwake,"At least X cards with ""Landfall"" effects ",X,1,,oracle:landfall,https://scryfall.com/search?q=oracle:landfall,N/A
Keywords,At least X anthem,4,6,Rally,At least X cards with anthem effects,X,1,,oracletag:anthem,https://scryfall.com/search?q=oracletag%3Aanthem&unique=cards&as=grid&order=name,N/A
Keywords,At least X flashback,8,12,Echoes,At least X cards with flashback or disturb.,X,1,,oracletag:flashback,https://scryfall.com/search?q=oracletag%3Aflashback&unique=cards&as=grid&order=name,N/A
Lands,At least X different non basic land types,8,12,Frontier,At least X different nonbasic land types,X,1,,type:cave or type:desert or: type:gate or type:lair or type:locus or type:sphere or type:Urzas,https://scryfall.com/search?q=type%3Acave+or+type%3Adesert+or%3A+type%3Agate+or+type%3Alair+or+type%3Alocus+or+type%3Asphere+or+type%3AUrzas&unique=cards&as=grid&order=name,land-type
Lands,Your deck must contain at most X lands,32,28,Drought,At most X lands,X,,,type:land,https://scryfall.com/search?q=type:land,land-count
Lands,Your deck must contain at least X lands,41,45,Expansion,At least X lands,X,1,,type:land,https://scryfall.com/search?q=type:land,land-count
Lands,Your deck may only contain basic lands,N/A,N/A,Frontier,Basic lands only,2,1,,type:basic,https://scryfall.com/search?q=type:basic,land-type
Lands,No basic lands,N/A,N/A,Exodus,No basic lands,2,1,,-type:basic type:land,https://scryfall.com/search?q=-type%3Abasic+type%3Aland&unique=cards&as=grid&order=name,land-type
Mana Curve,At least X creatures with converted mana cost 1,8,16,Quickening,At least X creatures with mana value 1 ,X,1,,type:creature mv:1,https://scryfall.com/search?q=type:creature+mv:1,creature-mv;mv1
Mana Curve,At least X creatures with converted mana cost 6+,8,16,Titanswake,At least X creatures with mana value 6+ ,X,1,,type:creature mv>=6,https://scryfall.com/search?q=type:creature+mv>=6,creature-mv
Mana Curve,All permanents even mana cost,N/A,N/A,Balance,All permanents have even mana values,2,1,,is:permanent  (mv=1 or mv=3 or mv=5 or mv=7 or mv=9 or mv=11 or mv=13 or mv=15 or mv=17),https://scryfall.com/search?q=is%3Apermanent++%28mv%3D1+or+mv%3D3+or+mv%3D5+or+mv%3D7+or+mv%3D9+or+mv%3D11+or+mv%3D13+or+mv%3D15+or+mv%3D17%29&unique=cards&as=grid&order=name,permanent-parity
Mana Curve,All permanents odd mana cost,N/A,N/A,Chaos,All permanents have odd mana values,2,1,,is:permanent legal:commander (mv=0 or mv=2 or mv=4 or mv=6 or mv=8 or mv=10 or mv=12 or mv=14),https://scryfall.com/search?q=is%3Apermanent+legal%3Acommander+%28mv%3D0+or+mv%3D2+or+mv%3D4+or+mv%3D6+or+mv%3D8+or+mv%3D10+or+mv%3D12+or+mv%3D14%29&unique=cards&as=grid&order=name,permanent-parity
Mana Curve,No cards with cost 1,N/A,N/A,Delayed Dawn,No cards with mana vlaue 1,1,1,,-mv:1,https://scryfall.com/search?q=-mv:1,permanent-parity;mv1
Ramp,At least X ramp spells,12,18,Prosperity,"At least X ramp spells (including dorks, rocks, land ramp)",X,1,,oracletag:ramp ,https://scryfall.com/search?q=oracletag%3Aramp&unique=cards&as=grid&order=name,ramp
Ramp,No artifact ramp,N/A,N/A,Broken Relics,No artifact ramp,2,1,,oracletag:ramp -type:artifact,https://scryfall.com/search?q=oracletag%3Aramp+-type%3Aartifact&unique=cards&as=grid&order=name,ramp;artifact
Ramp,At most X ramp,4,1,Famine,At most X ramp spells,X,1,,oracletag:ramp ,https://scryfall.com/search?q=oracletag%3Aramp&unique=cards&as=grid&order=name,ramp
Ramp,At least X mana dorks,6,10,Wild Growth,At least X mana dorks,X,1,,oracletag:mana-dork,https://scryfall.com/search?as=grid&order=name&page=2&q=oracletag%3Amana-dork&unique=cards,ramp
Ramp,At least X cost reducers,5,8,Arcane Efficiency,At least X cost reduction effects,X,1,,oracletag:cost-reducer,https://scryfall.com/search?q=oracletag%3Acost-reducer,N/A
Set / Plane Restrictions,At least X cards from same artist,8,12,Masterpiece,At least X cards by the same artist,X,1,,N/A,https://scryfall.com/search?q=artist,set-restriction
Set / Plane Restrictions,At least X cards from same set,16,24,Remembrance,At least X cards from the same set,X,1,Excluding basic lands.,N/A,https://scryfall.com/search?q=set,set-restriction
Set / Plane Restrictions,Only common or uncommon,N/A,N/A,Peasant Revolt,Commons and uncommons only,3,1,Excluding basic lands.,rarity:common or rarity:uncommon,https://scryfall.com/search?q=rarity:common+or+rarity:uncommon,rarity
Set / Plane Restrictions,Only common,N/A,N/A,Lowborn,Commons only,3,1,Excluding basic lands.,rarity:common,https://scryfall.com/search?q=rarity:common,rarity
Set / Plane Restrictions,At least X Dominaria,16,24,The Reunion,At least X cards from Dominaria sets,X,1,Excluding basic lands.,(set:atq or set:leg or set:drk or set:fem or set:ice or set:all or set:mir or set:vis or set:wth or set:usg or set:ulg or set:uds or set:pcy or set:inv or set:pls or set:apc or set:ody or set:tor or set:jud or set:ons or set:lgn or set:scg or set:csp or set:tsp or set:plc or set:fut or set:dom or set:dmu or set:bro),https://scryfall.com/search?q=%28set%3Aatq+or+set%3Aleg+or+set%3Adrk+or+set%3Afem+or+set%3Aice+or+set%3Aall+or+set%3Amir+or+set%3Avis+or+set%3Awth+or+set%3Ausg+or+set%3Aulg+or+set%3Auds+or+set%3Apcy+or+set%3Ainv+or+set%3Apls+or+set%3Aapc+or+set%3Aody+or+set%3Ator+or+set%3Ajud+or+set%3Aons+or+set%3Algn+or+set%3Ascg+or+set%3Acsp+or+set%3Atsp+or+set%3Aplc+or+set%3Afut+or+set%3Adom+or+set%3Admu+or+set%3Abro%29&order=released,set-restriction
Set / Plane Restrictions,At least X Ravnica,16,24,Guildpact,At least X cards from Ravnica sets,X,1,Excluding basic lands.,(set:rav or set:gpt or set:dis or set:rtr or set:gtc or set:dgm or set:grn or set:rna or set:war or set:snc),https://scryfall.com/search?q=%28set%3Arav+or+set%3Agpt+or+set%3Adis+or+set%3Artr+or+set%3Agtc+or+set%3Adgm+or+set%3Agrn+or+set%3Arna+or+set%3Awar+or+set%3Asnc%29&unique=cards&as=grid&order=released,set-restriction
Set / Plane Restrictions,At least X Innistrad/Phyrexia,16,24,Corruption,At least X cards from Innistrad or Phyrexia sets,X,1,Excluding basic lands.,(set:isd or set:dka or set:avr or set:soi or set:emn or set:mid or set:vow or set:usg or set:ulg or set:uds or set:nph or set:one),https://scryfall.com/search?q=%28set%3Aisd+or+set%3Adka+or+set%3Aavr+or+set%3Asoi+or+set%3Aemn+or+set%3Amid+or+set%3Avow+or+set%3Ausg+or+set%3Aulg+or+set%3Auds+or+set%3Anph+or+set%3Aone%29&unique=cards&as=grid&order=released,set-restriction
Set / Plane Restrictions,At least X Zendikar/Ixalan,16,24,Expedition,At least X cards from Zendikar or Ixalan sets,X,1,Excluding basic lands., (set:zen or set:wwk or set:roe or set:bfz or set:ogw or set:znr or set:xln or set:rix or set:lci),https://scryfall.com/search?q=+%28set%3Azen+or+set%3Awwk+or+set%3Aroe+or+set%3Abfz+or+set%3Aogw+or+set%3Aznr+or+set%3Axln+or+set%3Arix+or+set%3Alci%29&unique=cards&as=grid&order=released,set-restriction
Set / Plane Restrictions,At least X Lorwyn/Shadowmoor/Kaldheim,16,24,The Long Winter,"At least X cards from Lorwyn, Shadowmoor, or Kaldheim sets",X,1,Excluding basic lands.,(set:lrw or set:mor or set:shm or set:eve or set:ecl or set:khm),https://scryfall.com/search?q=%28set%3Alrw+or+set%3Amor+or+set%3Ashm+or+set%3Aeve+or+set%3Aecl+or+set%3Akhm%29&unique=cards&as=grid&order=released,set-restriction
Set / Plane Restrictions,At least X Modern Horizons/Double Masters,16,24,Echoed Ages,At least X cards from Modern Horizons or Double Masters,X,1,Excluding basic lands.,(set:mh1 or set:mh3 or set:mh2 or set:2xm or set:2x2),https://scryfall.com/search?q=%28set%3Amh1+or+set%3Amh3+or+set%3Amh2+or+set%3A2xm+or+set%3A2x2%29&unique=cards&as=grid&order=released,set-restriction
Set / Plane Restrictions,At least X Tarkir/Theros,16,24,Fate Rewritten,At least X cards from Tarkir or Theros sets,X,1,Excluding basic lands.,(set:ktk or set:frf or set:dtk or set:dts or set:tdm or set:ths or set:bng or set:jou or set:thb),https://scryfall.com/search?q=%28set%3Aktk+or+set%3Afrf+or+set%3Adtk+or+set%3Adts+or+set%3Atdm+or+set%3Aths+or+set%3Abng+or+set%3Ajou+or+set%3Athb%29&unique=cards&as=grid&order=released,set-restriction
Set / Plane Restrictions,At least X Murder Karlov/Aetherdrift/,16,24,Bad Smell,"At least X cards from Murders at K.M., Aetherdrift or Outlaws of T.J.",X,1,Excluding basic lands.,(set:otj or set:dft or set:mkm),https://scryfall.com/search?q=is%3Acommander%20legal%3Acommander%20%28set%3Aotj%20or%20set%3Adft%20or%20set%3Amkm%29,set-restriction
Set / Plane Restrictions,At least X Bloomburrow/Eldraine,16,24,Fairy Tale,At least X cards from Bloomburrow or Eldraine sets,X,1,Excluding basic lands.,(set:eld or set:woe or set:blb),https://scryfall.com/search?q=%28set%3Aeld+or+set%3Awoe+or+set%3Ablb%29,set-restriction
Set / Plane Restrictions,At least X recent sets,16,24,A Novel Approach,At least X cards from the newest set,X,1,Excluding basic lands.,N/A,,set-restriction
Set / Plane Restrictions,At least X Universe Beyond,16,28,To Infinity and Beyond,At least X cards from Universe Beyond SETS,X,1,Excluding basic lands.,set:40k or set:bot or set:ltr or set:who or set:rex or set:clu or set:pip or set:acr or set:spm or set:fin or set:tmt,https://scryfall.com/search?q=%28set%3A40k+or+set%3Abot+or+set%3Altr+or+set%3Awho+or+set%3Arex+or+set%3Aclu+or+set%3Apip+or+set%3Aacr+or+set%3Aspm+or+set%3Afin+or+set%3Atmt%29&unique=cards&as=grid&order=name,set-restriction
Spells,At least X instants or sorceries,18,28,Spellstorm,At least X instants or sorceries,X,1,,type:instant or type:sorcery,https://scryfall.com/search?q=type:instant+or+type:sorcery,instant;sorcery
Spells,At least X instants or sorceries with converted mana cost 1,12,18,Cheap Talk,At least X mana value 1 instants or sorceries,X,1,,(type:instant OR type:sorcery) mv:1,https://scryfall.com/search?q=%28type%3Ainstant+OR+type%3Asorcery%29+mv%3A1&unique=cards&as=grid&order=name,instant;sorcery;inst-sorc-mv;mv1
Spells,At least X colorless spells,16,24,Voidcraft,At least X colorless cards,X,1,,color:colorless -type:land -is:transform,https://scryfall.com/search?q=color%3Acolorless+-type%3Aland+-is%3Atransform&unique=cards&as=grid&order=name,N/A
Spells,No instant/sorcery cost 2 or less,N/A,N/A,High Ritual,Only instants and sorceries with mana value 3 or greater,2,1,,(type:instant or type:sorcery) mv>=3,https://scryfall.com/search?q=(type:instant+or+type:sorcery)+mv>=3,inst-sorc-mv
Spells,No instant/sorcery cost 4 or more,N/A,N/A,Swift Ritual,Only instants and sorceries with mana value 2 or less,2,1,,(type:instant or type:sorcery) mv<=2,https://scryfall.com/search?q=%28type%3Ainstant+or+type%3Asorcery%29+mv%3C%3D2&unique=cards&as=grid&order=name,inst-sorc-mv
Spells,At least X multicolored,20,30,Alliance,At least X multicolored cards,X,1,,color:multicolored,https://scryfall.com/search?q=color%3Amulticolored&unique=cards&as=grid&order=name,N/A
Spells,At least X no generic mana,16,22,Purity,At least X cards with only colored mana symbols,X,1,, -m>=1 -type:land,https://scryfall.com/search?as=grid&order=name&page=2&q=+-m%3E%3D1+-type%3Aland&unique=cards,N/A
Spells,At most X instants,4,2,Restraint,At most X instant cards,X,1,,type:instant,https://scryfall.com/search?q=type%3Ainstant&unique=cards&as=grid&order=name,instant
Spells,At most X sorceries,4,2,Restraint,At most X sorcery cards,X,1,,type:sorcery,https://scryfall.com/search?q=type%3Asorcery&unique=cards&as=grid&order=name,sorcery
Spells,At least X hybrid mana,12,18,Convergence,At least X cards with hybrid mana costs,X,1,,is:hybrid,https://scryfall.com/search?q=is:hybrid,N/A
Spells,At least X X costs,8,14,Limitless,At least X cards with (X) in their mana costs,X,1,,mana:x,https://scryfall.com/search?q=mana:x,N/A
Tokens,At least X cards that create tokens,16,20,Proliferation,At least X cards that create token,X,1,,(oracle:create and oracle:token),https://scryfall.com/search?q=%28oracle%3Acreate+and+oracle%3Atoken%29,N/A
Tokens,At least X creature tokens,12,18,Mobilization,At least X cards that create Creature token,X,1,,(oracle:create and oracle:token and oracle:creature),https://scryfall.com/search?q=%28oracle%3Acreate+and+oracle%3Atoken+and+oracle%3Acreature%29&unique=cards&as=grid&order=name,N/A
Tokens,At least X treasure tokens,12,16,Gold Rush,At least X cards that create Treasure token,X,1,,(oracle:create and oracle:treasure),https://scryfall.com/search?q=%28oracle%3Acreate+and+oracle%3Atreasure%29&unique=cards&as=grid&order=name,N/A
Tokens,At least X food tokens,10,12,Harvest Festival,At least X cards that create Food token,X,1,,(oracle:create and oracle:food),https://scryfall.com/search?q=%28oracle%3Acreate+and+oracle%3Afood%29&unique=cards&as=grid&order=name,N/A
Tokens,At least X clue tokens,10,12,Investigation,At least X cards that create Clue token,X,1,,"oracle:""create a clue"" OR oracle:""investigate""",https://scryfall.com/search?q=oracle%3A%22create+a+clue%22+OR+oracle%3A%22investigate%22&unique=cards&as=grid&order=name,N/A
Tribal / Creature Types,At least X creatures with the same creature type as your commander,12,18,Kinship,At least X creatures sharing a type with your commander,X,1,,N/A,,tribal;commander-tribe
Tribal / Creature Types,At least X creatures not your commander type,12,18,Conspiracy,At least X creatures sharing a type that is not your commanders.,X,1,,N/A,,tribal;commander-tribe
Tribal / Creature Types,At least X Scouts/Rangers,10,16,The Watch,"At least X Scouts, Rangers, or Archers",X,1,,type:creature (type:scout or type:ranger or type:archer),https://scryfall.com/search?q=type:creature+(type:scout+or+type:ranger+or+type:archer),tribal
Tribal / Creature Types,At least X Beasts/Bears/Wolves,10,16,The Hunt,"At least X Beasts, Bears, or Wolves",X,1,,type:creature (type:beast or type:bear or type:wolf),https://scryfall.com/search?q=type:creature+(type:beast+or+type:bear+or+type:wolf),tribal
Tribal / Creature Types,At least X Elves or Dwarves,10,16,Old Alliances,At least X Elves or Dwarves,X,1,,type:creature (type:elf or type:dwarf),https://scryfall.com/search?q=type:creature+(type:elf+or+type:dwarf),tribal
Tribal / Creature Types,At least X Humans,10,16,Kingdoms,At least X Humans,X,1,,type:creature type:human,https://scryfall.com/search?q=type:creature+type:human,tribal
Tribal / Creature Types,At least X Orcs/Goblins/Ogres/Trolls,10,16,The Horde,"At least X Orcs, Goblins, Ogres, or Trolls",X,1,,type:creature (type:orc or type:goblin or type:ogre or type:troll),https://scryfall.com/search?q=type:creature+(type:orc+or+type:goblin+or+type:ogre+or+type:troll),tribal
Tribal / Creature Types,At least X Berserkers/Barbarians/Warriors,10,16,Warcry,"At least X Berserkers, Barbarians, or Warriors",X,1,,type:creature (type:berserker or type:barbarian or type:warrior),https://scryfall.com/search?q=type:creature+(type:berserker+or+type:barbarian+or+type:warrior),tribal
Tribal / Creature Types,At least X Druids or Shamans,10,16,Spirit Talkers,At least X Druids or Shamans,X,1,,type:creature (type:druid or type:shaman),https://scryfall.com/search?q=type:creature+(type:druid+or+type:shaman),tribal
Tribal / Creature Types,At least X Skeletons/Zombies/Vampires,10,16,Nightfall,"At least X Skeletons, Zombies, or Vampires",X,1,,type:creature (type:skeleton or type:zombie or type:vampire),https://scryfall.com/search?q=type:creature+(type:skeleton+or+type:zombie+or+type:vampire),tribal
Tribal / Creature Types,At least X Wizards or Warlocks,10,16,Arcane Congress,At least X Wizards or Warlocks,X,1,,type:creature (type:wizard or type:warlock),https://scryfall.com/search?q=type:creature+(type:wizard+or+type:warlock),tribal
Tribal / Creature Types,At least X Faeries/Kobolds/Imps/Devils/Gremlins,10,16,Mischief,"At least X Faeries, Kobolds, Imps, Devils, or Gremlins",X,1,,type:creature (type:faerie or type:kobold or type:imp or type:devil or type:gremlin),https://scryfall.com/search?q=type:creature+(type:faerie+or+type:kobold+or+type:imp+or+type:devil+or+type:gremlin),tribal
Tribal / Creature Types,At least X Pirates/Mercenaries/Rebels,10,16,Mutiny,"At least X Pirates, Mercenaries, or Rebels",X,1,,type:creature (type:pirate or type:mercenary or type:rebel),https://scryfall.com/search?q=type:creature+(type:pirate+or+type:mercenary+or+type:rebel),tribal
Tribal / Creature Types,At least X Assassins/Ninjas/Samurai,10,16,Silent Blades,"At least X Assassins, Ninjas, or Samurai",X,1,,type:creature (type:assassin or type:ninja or type:samurai),https://scryfall.com/search?q=type:creature+(type:assassin+or+type:ninja+or+type:samurai),tribal
Tribal / Creature Types,At least X Cats or Dogs,10,16,Companions,At least X Cats or Dogs,X,1,,type:creature (type:cat or type:dog),https://scryfall.com/search?q=type:creature+(type:cat+or+type:dog),tribal
Tribal / Creature Types,At least X Squirrels/Rats/Mice,10,16,Infestation,"At least X Squirrels, Rats, or Mice",X,1,,type:creature (type:squirrel or type:rat or type:mouse),https://scryfall.com/search?q=type:creature+(type:squirrel+or+type:rat+or+type:mouse),tribal
Tribal / Creature Types,At least X Snakes/Lizards/Turtles/Frogs,10,16,The Mire,"At least X Snakes, Lizards, Turtles, or Frogs",X,1,,type:creature (type:snake or type:lizard or type:turtle or type:frog),https://scryfall.com/search?q=type:creature+(type:snake+or+type:lizard+or+type:turtle+or+type:frog),tribal
Tribal / Creature Types,At least X Insects or Spiders,10,16,Webweaver,At least X Insects or Spiders,X,1,,type:creature (type:insect or type:spider),https://scryfall.com/search?q=type:creature+(type:insect+or+type:spider),tribal
Tribal / Creature Types,At least X Merfolk/Octopi/Leviathans/Krakens,10,16,The Deep,"At least X Merfolk, Octopuses, Leviathans, or Krakens",X,1,,type:creature (type:merfolk or type:octopus or type:leviathan or type:kraken),https://scryfall.com/search?q=type:creature+(type:merfolk+or+type:octopus+or+type:leviathan+or+type:kraken),tribal
Tribal / Creature Types,At least X Elementals or Avatars,10,16,Primal Awakening,At least X Elementals or Avatars,X,1,,type:creature (type:elemental or type:avatar),https://scryfall.com/search?q=type:creature+(type:elemental+or+type:avatar),tribal
Tribal / Creature Types,At least X Angels or Demons,10,16,Heavenfall,At least X Angels or Demons,X,1,,type:creature (type:angel or type:demon),https://scryfall.com/search?q=type:creature+(type:angel+or+type:demon),tribal
Tribal / Creature Types,At least X Eldrazi/Horrors/Nightmares,10,16,The End Times,"At least X Eldrazi, Horrors, or Nightmares",X,1,,type:creature (type:eldrazi or type:horror or type:nightmare),https://scryfall.com/search?q=type:creature+(type:eldrazi+or+type:horror+or+type:nightmare),tribal
Tribal / Creature Types,At least X Dragons or Hydras,10,16,Dragonstorm,At least X Dragons or Hydras,X,1,,type:creature (type:dragon or type:hydra),https://scryfall.com/search?q=type:creature+(type:dragon+or+type:hydra),tribal
Tribal / Creature Types,At least X Fungi/Saprolings/Treefolk/Plants,10,16,Overgrowth,"At least X Fungi, Saprolings, Treefolk, or Plants",X,1,,type:creature (type:fungus or type:saproling or type:treefolk or type:plant),https://scryfall.com/search?q=type:creature+(type:fungus+or+type:saproling+or+type:treefolk+or+type:plant),tribal
Tribal / Creature Types,At least X Phyrexian creatures,10,16,Compleation,At least X Phyrexians,X,1,,type:creature type:phyrexian,https://scryfall.com/search?q=type:creature+type:phyrexian,tribal
Mechanic,"At least X cards with ""manifest dread"" or ""morph""",6,10,Unpredictable,"At least X cards with ""manifest dread"" or ""Morph""",X,1,,"oracle:""morph"" OR oracle:""manifest dread""",https://scryfall.com/search?q=oracle%3A%22morph%22+OR+oracle%3A%22manifest+dread%22&unique=cards&as=grid&order=name,N/A
Mechanic,At least X enchantment creatures,8,12,Shallow Monsters,At least X enchantment creatures,X,1,,"type:""Enchantment Creature""",https://scryfall.com/search?q=type%3A%22Enchantment+Creature%22&unique=cards&as=grid&order=name,enchantment
Mechanic,At least X cards with Madness or Mayhem,8,10,Trash to Gold,At least X cards with Madness or Mayhem,X,1,,"oracle:""madness"" OR oracle:""Mayhem"" ",https://scryfall.com/search?q=oracle%3A%22madness%22+OR+oracle%3A%22Mayhem%22+&unique=cards&as=grid&order=name,N/A
Mechanic,"At least X cards with ""As an additional cost""",8,10,How to tip,"At least X cards with ""as an additional cost""",X,1,,"oracle:""as an additional cost""",https://scryfall.com/search?q=oracle%3A%22as+an+additional+cost%22&unique=cards&as=grid&order=name,N/A
Mechanic,"At least X cards with ""Monstrosity"", ""Adapt"" or ""Exhaust""",8,10,Growing Threat,"At least X cards with ""Monstrosity"", ""Adapt"" or ""Exhaust""",X,1,,"oracle:""Monstrosity"" OR oracle:""Adapt"" OR oracle:""Exhaust""",https://scryfall.com/search?q=oracle%3A%22Monstrosity%22+OR+oracle%3A%22Adapt%22+OR+oracle%3A%22Exhaust%22&unique=cards&as=grid&order=name,N/A
Mechanic,At least X cards that give you monarch or initiative,8,10,Above Everyone,At least X cards that gain you monarchy or initiative,X,1,,"oracle:""you become the monarch"" OR oracle:""you take the initiative""",https://scryfall.com/search?q=oracle%3A%22you+become+the+monarch%22+OR+oracle%3A%22you+take+the+initiative%22&unique=cards&as=grid&order=name,N/A
Mechanic,"At least X cards with ""Ninjutsu"", ""Sneak"" or ""Web-Slinging""",8,10,Hidden Punch,"At least X cards with ""Ninjutsu"", ""Sneak"" or ""Web-Slinging""",X,1,,"oracle:""ninjutsu"" OR oracle:""web-slinging"" OR oracle:""Sneak""",https://scryfall.com/search?q=oracle%3A%22ninjutsu%22+OR+oracle%3A%22web-slinging%22+OR+oracle%3A%22Sneak%22&unique=cards&as=grid&order=name,N/A
Mechanic,"At least X cards with ""amass""",6,8,Gather the Units!,"At least X cards with ""Amass""",X,1,,"oracle:""amass""",https://scryfall.com/search?q=oracle%3A%22amass%22&unique=cards&as=grid&order=name,N/A
Mechanic,At least X cards with Scry,10,12,Oracle,"At least X cards with ""Scry""",X,1,,"oracle:""scry""",https://scryfall.com/search?q=oracle%3A%22scry%22&unique=cards&as=grid&order=name,N/A