"Category","Function","Title","Text","Weights","rerolls","scryfall_text","scryfall_link","info","quantity","percentile"
"Artwork","Artwork: At least one animal","Companion of Beasts","Your commander's artwork must include at least one animal.","1","1","is:commander legal:commander art:animal","https://scryfall.com/search?q=is%3Acommander+legal%3Acommander+art%3Aanimal","This Scryfall link uses community-based tags, which might not cover all possible options.","1009","91,6"
"Artwork","Artwork: Battlefield or war scene","Endless Conflict","Your commander's artwork must depict battle or warfare.","1","1","is:commander legal:commander (art:battle or art:war or art:combat)","https://scryfall.com/search?q=is%3Acommander+legal%3Acommander+%28art%3Abattle+or+art%3Awar+or+art%3Acombat%29","This Scryfall link uses community-based tags, which might not cover all possible options.","28","3,6"
"Artwork","Artwork: Beard","Marked by Age","Your commander's artwork must include a beard.","1","2","is:commander legal:commander art:beard","https://scryfall.com/search?q=is%3Acommander+legal%3Acommander+art%3Abeard","This Scryfall link uses community-based tags, which might not cover all possible options.","260","60,2"
"Artwork","Artwork: Blood visible","Crimson Oath","Your commander's artwork must include blood.","1","2","is:commander legal:commander art:blood","https://scryfall.com/search?q=is%3Acommander+legal%3Acommander+art%3Ablood","This Scryfall link uses community-based tags, which might not cover all possible options.","61","10,8"
"Artwork","Artwork: Books or scrolls","Keeper of Knowledge","Your commander's artwork must include books, scrolls, or tomes.","1","2","is:commander legal:commander (art:book or art:scroll or art:tome)","https://scryfall.com/search?q=is%3Acommander+legal%3Acommander+%28art%3Abook+or+art%3Ascroll+or+art%3Atome%29","This Scryfall link uses community-based tags, which might not cover all possible options.","125","37,3"
"Artwork","Artwork: Chains","Bound in Iron","Your commander's artwork must include chains.","1","2","is:commander legal:commander (art:chain or art:chains)","https://scryfall.com/search?q=is%3Acommander+legal%3Acommander+%28art%3Achain+or+art%3Achains%29","This Scryfall link uses community-based tags, which might not cover all possible options.","103","32,5"
"Artwork","Artwork: Cloak or robe","Shrouded Figure","Your commander's artwork must include a cloak or robe.","1","2","is:commander legal:commander (art:cloak or art:robe)","https://scryfall.com/search?q=is%3Acommander+legal%3Acommander+%28art%3Acloak+or+art%3Arobe%29","This Scryfall link uses community-based tags, which might not cover all possible options.","84","19,3"
"Artwork","Artwork: Commander has a magical weapon","Arcane Armament","Your commander's artwork must include a magical weapon.","1","2","is:commander legal:commander (art:""magical weapon"" or art:""arcane weapon"")","https://scryfall.com/search?q=is%3Acommander+legal%3Acommander+%28art%3A%22magical+weapon%22+or+art%3A%22arcane+weapon%22%29","This Scryfall link uses community-based tags, which might not cover all possible options.","ERROR",""
"Artwork","Artwork: Commander is larger than a horse","Giant Among Men","Your commander must appear larger than a horse in the artwork.","1","1","is:commander legal:commander (art:giant or art:oversized)","https://scryfall.com/search?q=is%3Acommander+legal%3Acommander+%28art%3Agiant+or+art%3Aoversized%29","This Scryfall link uses community-based tags, which might not cover all possible options.","33","6"
"Artwork","Artwork: Commander must ride or mount something","Rider of Legends","Your commander must be riding or mounted on something in the artwork.","1","3","is:commander legal:commander (art:riding or art:mounted or art:mount)","https://scryfall.com/search?q=is%3Acommander+legal%3Acommander+%28art%3Ariding+or+art%3Amounted+or+art%3Amount%29","This Scryfall link uses community-based tags, which might not cover all possible options.","114","34,9"
"Artwork","Artwork: Commander needs physical weapon","Bearer of Steel","Your commander's artwork must include a physical weapon.","1","1","is:commander legal:commander (art:weapon or art:sword or art:axe or art:spear or art:bow)","https://scryfall.com/search?q=is%3Acommander+legal%3Acommander+%28art%3Aweapon+or+art%3Asword+or+art%3Aaxe+or+art%3Aspear+or+art%3Abow%29","This Scryfall link uses community-based tags, which might not cover all possible options.","1001","90,4"
"Artwork","Artwork: Commander needs to wear armor","Clad for War","Your commander's artwork must show armor.","1","1","is:commander legal:commander (art:armor or art:armored)","https://scryfall.com/search?q=is%3Acommander+legal%3Acommander+%28art%3Aarmor+or+art%3Aarmored%29","This Scryfall link uses community-based tags, which might not cover all possible options.","540","80,7"
"Artwork","Artwork: Commander not touching ground","Floor Is Lava","Your commander must not be touching the ground in the artwork.","1","1","is:commander legal:commander (art:floating or art:levitating or art:airborne)","https://scryfall.com/search?q=is%3Acommander+legal%3Acommander+%28art%3Afloating+or+art%3Alevitating+or+art%3Aairborne%29","This Scryfall link uses community-based tags, which might not cover all possible options.","46","9,6"
"Artwork","Artwork: Commander sits or kneels","Humbled Stance","Your commander must be sitting or kneeling in the artwork.","1","2","is:commander legal:commander (art:sitting or art:kneeling or art:seated)","https://scryfall.com/search?q=is%3Acommander+legal%3Acommander+%28art%3Asitting+or+art%3Akneeling+or+art%3Aseated%29","This Scryfall link uses community-based tags, which might not cover all possible options.","177","50,6"
"Artwork","Artwork: Contains horns of some kind","Marked by Horns","Your commander's artwork must include horns.","1","2","is:commander legal:commander (art:horn or art:horns or art:antler)","https://scryfall.com/search?q=is%3Acommander+legal%3Acommander+%28art%3Ahorn+or+art%3Ahorns+or+art%3Aantler%29","This Scryfall link uses community-based tags, which might not cover all possible options.","184","53"
"Artwork","Artwork: Contains some kind of monster","Shadowed by Monsters","Your commander's artwork must include a monster.","1","1","is:commander legal:commander (art:monster or art:creature)","https://scryfall.com/search?q=is%3Acommander+legal%3Acommander+%28art%3Amonster+or+art%3Acreature%29","This Scryfall link uses community-based tags, which might not cover all possible options.","ERROR",""
"Artwork","Artwork: Daylight or sun","Blessed by the Sun","Your commander's artwork must depict daylight or sunlight.","1","1","is:commander legal:commander (art:sun or art:daylight or art:sunrise or art:sunset)","https://scryfall.com/search?q=is%3Acommander+legal%3Acommander+%28art%3Asun+or+art%3Adaylight+or+art%3Asunrise+or+art%3Asunset%29","This Scryfall link uses community-based tags, which might not cover all possible options.","104","33,7"
"Artwork","Artwork: Desert or wasteland","Endless Expanse","Your commander's artwork must depict a desert or barren wasteland.","1","1","is:commander legal:commander (art:desert or art:wasteland or art:barren)","https://scryfall.com/search?q=is%3Acommander+legal%3Acommander+%28art%3Adesert+or+art%3Awasteland+or+art%3Abarren%29","This Scryfall link uses community-based tags, which might not cover all possible options.","27","2,4"
"Artwork","Artwork: Drinks or food","Feast and Fortune","Your commander's artwork must include food or drink.","1","3","is:commander legal:commander (art:food or art:drink or art:eating or art:feast)","https://scryfall.com/search?q=is%3Acommander+legal%3Acommander+%28art%3Afood+or+art%3Adrink+or+art%3Aeating+or+art%3Afeast%29","This Scryfall link uses community-based tags, which might not cover all possible options.","138","42,2"
"Artwork","Artwork: Exactly two people","Two Souls","Your commander's artwork must show exactly two people or characters.","1","1","is:commander legal:commander (art:""two people"" or art:duo)","https://scryfall.com/search?q=is%3Acommander+legal%3Acommander+%28art%3A%22two+people%22+or+art%3Aduo%29","This Scryfall link uses community-based tags, which might not cover all possible options.","74","16,9"
"Artwork","Artwork: Eyes glowing","Eyes of Power","Your commander's artwork must show glowing eyes.","1","2","is:commander legal:commander (art:""glowing eyes"" or art:""glowing eye"")","https://scryfall.com/search?q=is%3Acommander+legal%3Acommander+%28art%3A%22glowing+eyes%22+or+art%3A%22glowing+eye%22%29","This Scryfall link uses community-based tags, which might not cover all possible options.","173","49,4"
"Artwork","Artwork: Fire","Marked by Flame","Your commander's artwork must include fire.","1","1","is:commander legal:commander (art:fire or art:flame or art:burning)","https://scryfall.com/search?q=is%3Acommander+legal%3Acommander+%28art%3Afire+or+art%3Aflame+or+art%3Aburning%29","This Scryfall link uses community-based tags, which might not cover all possible options.","354","68,7"
"Artwork","Artwork: Floating or levitating","Untethered Spirit","Your commander must appear to float or levitate in the artwork.","1","1","is:commander legal:commander (art:floating or art:levitating or art:flying)","https://scryfall.com/search?q=is%3Acommander+legal%3Acommander+%28art%3Afloating+or+art%3Alevitating+or+art%3Aflying%29","This Scryfall link uses community-based tags, which might not cover all possible options.","202","55,4"
"Artwork","Artwork: Forest setting","Call of the Wilds","Your commander's artwork must depict a forest or overgrown wilderness.","1","1","is:commander legal:commander (art:forest or art:woodland or art:jungle or art:overgrown)","https://scryfall.com/search?q=is%3Acommander+legal%3Acommander+%28art%3Aforest+or+art%3Awoodland+or+art%3Ajungle+or+art%3Aovergrown%29","This Scryfall link uses community-based tags, which might not cover all possible options.","153","44,6"
"Artwork","Artwork: Hat","Crowned in Cloth","Your commander's artwork must include a hat or headwear.","1","1","is:commander legal:commander (art:hat or art:crown or art:headwear or art:helm)","https://scryfall.com/search?q=is%3Acommander+legal%3Acommander+%28art%3Ahat+or+art%3Acrown+or+art%3Aheadwear+or+art%3Ahelm%29","This Scryfall link uses community-based tags, which might not cover all possible options.","482","79,5"
"Artwork","Artwork: Holding a magical object","Relic in Hand","Your commander's artwork must show a magical object or artifact being held.","1","1","is:commander legal:commander (art:artifact or art:relic or art:orb or art:staff)","https://scryfall.com/search?q=is%3Acommander+legal%3Acommander+%28art%3Aartifact+or+art%3Arelic+or+art%3Aorb+or+art%3Astaff%29","This Scryfall link uses community-based tags, which might not cover all possible options.","300","63,9"
"Artwork","Artwork: Long hair","Unbound Hair","Your commander's artwork must include long hair.","1","2","is:commander legal:commander (art:""long hair"" or art:""long-haired"")","https://scryfall.com/search?q=is%3Acommander+legal%3Acommander+%28art%3A%22long+hair%22+or+art%3A%22long-haired%22%29","This Scryfall link uses community-based tags, which might not cover all possible options.","88","24,1"
"Artwork","Artwork: Mask or covered face","Face Unseen","Your commander's artwork must show a mask or a covered face.","1","2","is:commander legal:commander (art:mask or art:masked or art:hooded)","https://scryfall.com/search?q=is%3Acommander+legal%3Acommander+%28art%3Amask+or+art%3Amasked+or+art%3Ahooded%29","This Scryfall link uses community-based tags, which might not cover all possible options.","84","19,3"
"Artwork","Artwork: Moon visible","Moonlit Path","Your commander's artwork must include a visible moon.","1","3","is:commander legal:commander (art:moon or art:moonlit)","https://scryfall.com/search?q=is%3Acommander+legal%3Acommander+%28art%3Amoon+or+art%3Amoonlit%29","This Scryfall link uses community-based tags, which might not cover all possible options.","154","45,8"
"Artwork","Artwork: More than one living being","Never Alone","Your commander's artwork must include more than one living being.","1","1","is:commander legal:commander (art:group or art:""multiple figures"" or art:companions)","https://scryfall.com/search?q=is%3Acommander+legal%3Acommander+%28art%3Agroup+or+art%3A%22multiple+figures%22+or+art%3Acompanions%29","This Scryfall link uses community-based tags, which might not cover all possible options.","16","0"
"Artwork","Artwork: More than two eyes","Watcher Beyond","Your commander's artwork must show more than two eyes.","1","1","is:commander legal:commander (art:""multiple eyes"" or art:""third eye"")","https://scryfall.com/search?q=is%3Acommander+legal%3Acommander+%28art%3A%22multiple+eyes%22+or+art%3A%22third+eye%22%29","This Scryfall link uses community-based tags, which might not cover all possible options.","26","1,2"
"Artwork","Artwork: Multiple weapons","Arsenal of War","Your commander's artwork must include more than one weapon.","1","2","is:commander legal:commander (art:arsenal or art:""dual weapon"" or art:weapons)","https://scryfall.com/search?q=is%3Acommander+legal%3Acommander+%28art%3Aarsenal+or+art%3A%22dual+weapon%22+or+art%3Aweapons%29","This Scryfall link uses community-based tags, which might not cover all possible options.","ERROR",""
"Artwork","Artwork: Night or darkness","Walker in Shadows","Your commander's artwork must depict night, darkness, or a shadowy setting.","1","1","is:commander legal:commander (art:night or art:dark or art:darkness or art:shadow or art:shadows)","https://scryfall.com/search?q=is%3Acommander+legal%3Acommander+%28art%3Anight+or+art%3Adark+or+art%3Adarkness+or+art%3Ashadow+or+art%3Ashadows%29","This Scryfall link uses community-based tags, which might not cover all possible options.","143","43,4"
"Artwork","Artwork: Plants","Grown from the Wilds","Your commander's artwork must include plants.","1","1","is:commander legal:commander (art:plant or art:plants or art:vegetation or art:flora)","https://scryfall.com/search?q=is%3Acommander+legal%3Acommander+%28art%3Aplant+or+art%3Aplants+or+art%3Avegetation+or+art%3Aflora%29","This Scryfall link uses community-based tags, which might not cover all possible options.","426","74,7"
"Artwork","Artwork: Ruins or ancient structures","From Fallen Kingdoms","Your commander's artwork must include ruins or ancient structures.","1","2","is:commander legal:commander (art:ruin or art:ruins or art:ancient or art:temple)","https://scryfall.com/search?q=is%3Acommander+legal%3Acommander+%28art%3Aruin+or+art%3Aruins+or+art%3Aancient+or+art%3Atemple%29","This Scryfall link uses community-based tags, which might not cover all possible options.","45","8,4"
"Artwork","Artwork: Sky","Beneath Open Skies","Your commander's artwork must include the sky.","1","1","is:commander legal:commander (art:sky or art:clouds or art:cloud)","https://scryfall.com/search?q=is%3Acommander+legal%3Acommander+%28art%3Asky+or+art%3Aclouds+or+art%3Acloud%29","This Scryfall link uses community-based tags, which might not cover all possible options.","446","75,9"
"Artwork","Artwork: Snow or ice","Frozen Horizon","Your commander's artwork must depict snow, ice, or frost.","1","3","is:commander legal:commander (art:snow or art:ice or art:frozen or art:frost)","https://scryfall.com/search?q=is%3Acommander+legal%3Acommander+%28art%3Asnow+or+art%3Aice+or+art%3Afrozen+or+art%3Afrost%29","This Scryfall link uses community-based tags, which might not cover all possible options.","129","38,6"
"Artwork","Artwork: Some kind of bones","Keeper of Remains","Your commander's artwork must include bones.","1","3","is:commander legal:commander (art:bone or art:bones or art:skeleton or art:skull)","https://scryfall.com/search?q=is%3Acommander+legal%3Acommander+%28art%3Abone+or+art%3Abones+or+art%3Askeleton+or+art%3Askull%29","This Scryfall link uses community-based tags, which might not cover all possible options.","192","54,2"
"Artwork","Artwork: Some kind of magic visible","Weaver of Magic","Your commander's artwork must show visible magic.","1","1","is:commander legal:commander (art:magic or art:spell or art:magical)","https://scryfall.com/search?q=is%3Acommander+legal%3Acommander+%28art%3Amagic+or+art%3Aspell+or+art%3Amagical%29","This Scryfall link uses community-based tags, which might not cover all possible options.","177","50,6"
"Artwork","Artwork: Something glows","Bearer of Light","Your commander's artwork must include something that glows.","1","1","is:commander legal:commander (art:glowing or art:glow or art:luminous)","https://scryfall.com/search?q=is%3Acommander+legal%3Acommander+%28art%3Aglowing+or+art%3Aglow+or+art%3Aluminous%29","This Scryfall link uses community-based tags, which might not cover all possible options.","456","78,3"
"Artwork","Artwork: Stones or rocks","Stonebound","Your commander's artwork must include stones or rocks.","1","1","is:commander legal:commander (art:stone or art:rock or art:rocky or art:granite)","https://scryfall.com/search?q=is%3Acommander+legal%3Acommander+%28art%3Astone+or+art%3Arock+or+art%3Arocky+or+art%3Agranite%29","This Scryfall link uses community-based tags, which might not cover all possible options.","82","18,1"
"Artwork","Artwork: Storm, lightning, rain","Storm-Touched","Your commander's artwork must include lightning, thunder, or rain.","1","1","is:commander legal:commander (art:storm or art:lightning or art:rain or art:thunder)","https://scryfall.com/search?q=is%3Acommander+legal%3Acommander+%28art%3Astorm+or+art%3Alightning+or+art%3Arain+or+art%3Athunder%29","This Scryfall link uses community-based tags, which might not cover all possible options.","121","36,1"
"Artwork","Artwork: Surrounded by minions or followers","Leader of Many","Your commander's artwork must include followers, minions, or servants.","1","3","is:commander legal:commander (art:minions or art:followers or art:army or art:crowd)","https://scryfall.com/search?q=is%3Acommander+legal%3Acommander+%28art%3Aminions+or+art%3Afollowers+or+art%3Aarmy+or+art%3Acrowd%29","This Scryfall link uses community-based tags, which might not cover all possible options.","70","14,5"
"Artwork","Artwork: Symbol of authority (Throne, crown, banner)","Claim to Power","Your commander's artwork must include a symbol of authority (e.g., throne, crown, banner).","1","2","is:commander legal:commander (art:throne or art:crown or art:banner or art:royal or art:scepter)","https://scryfall.com/search?q=is%3Acommander+legal%3Acommander+%28art%3Athrone+or+art%3Acrown+or+art%3Abanner+or+art%3Aroyal+or+art%3Ascepter%29","This Scryfall link uses community-based tags, which might not cover all possible options.","163","48,2"
"Artwork","Artwork: Visible Muscles","Tempered by Battle","Your commander's artwork must show visible muscles.","1","2","is:commander legal:commander (art:muscular or art:muscles or art:ripped)","https://scryfall.com/search?q=is%3Acommander+legal%3Acommander+%28art%3Amuscular+or+art%3Amuscles+or+art%3Aripped%29","This Scryfall link uses community-based tags, which might not cover all possible options.","86","21,7"
"Artwork","Artwork: Volcano or lava","Heart of the Mountain","Your commander's artwork must depict lava or volcanic terrain.","1","1","is:commander legal:commander (art:volcano or art:lava or art:volcanic)","https://scryfall.com/search?q=is%3Acommander+legal%3Acommander+%28art%3Avolcano+or+art%3Alava+or+art%3Avolcanic%29","This Scryfall link uses community-based tags, which might not cover all possible options.","32","4,8"
"Artwork","Artwork: Water","Touched by the Tides","Your commander's artwork must include water.","1","2","is:commander legal:commander (art:water or art:ocean or art:river or art:sea or art:lake)","https://scryfall.com/search?q=is%3Acommander+legal%3Acommander+%28art%3Awater+or+art%3Aocean+or+art%3Ariver+or+art%3Asea+or+art%3Alake%29","This Scryfall link uses community-based tags, which might not cover all possible options.","239","57,8"
"Artwork","Artwork: Wears something you could wear to a wedding","Fancy Dress","Your commander's artwork must depict clothing suitable for a wedding or formal occasion.","1","1","is:commander legal:commander (art:formal or art:dress or art:gown or art:elegant)","https://scryfall.com/search?q=is%3Acommander+legal%3Acommander+%28art%3Aformal+or+art%3Adress+or+art%3Agown+or+art%3Aelegant%29","This Scryfall link uses community-based tags, which might not cover all possible options.","135","41"
"Artwork","Artwork: Wings","Wings of Fate","Your commander's artwork must include wings.","1","2","is:commander legal:commander (art:wing or art:wings or art:winged)","https://scryfall.com/search?q=is%3Acommander+legal%3Acommander+%28art%3Awing+or+art%3Awings+or+art%3Awinged%29","This Scryfall link uses community-based tags, which might not cover all possible options.","397","73,5"
"Artwork","Artwork: Your commander is smiling","Joyous Presence","Your commander's artwork must show the commander smiling.","1","2","is:commander legal:commander (art:smile or art:smiling or art:happy)","https://scryfall.com/search?q=is%3Acommander+legal%3Acommander+%28art%3Asmile+or+art%3Asmiling+or+art%3Ahappy%29","This Scryfall link uses community-based tags, which might not cover all possible options.","618","84,3"
"Artwork","Must have more than 2 arms, legs or heads.","Many-Limbed Form","Your commander must have more than two arms, legs, or heads.","1","1","is:commander legal:commander (art:""extra limbs"" or art:""multiple arms"" or art:""multiple heads"")","https://scryfall.com/search?q=is%3Acommander+legal%3Acommander+%28art%3A%22extra+limbs%22+or+art%3A%22multiple+arms%22+or+art%3A%22multiple+heads%22%29","This Scryfall link uses community-based tags, which might not cover all possible options.","101","31,3"
"Flavor","Commander has some flavour text","Words of Legend","Your commander must have flavor text.","2","1","is:commander legal:commander has:flavor","https://scryfall.com/search?q=is%3Acommander%20legal%3Acommander%20has%3Aflavor","N/A","1532","95,2"
"Identity","Has to be female","Daughter of the Realm","Your commander must be female.","2","1","N/A","N/A","N/A","N/A","N/A"
"Identity","Has to be male","Son of the Realm","Your commander must be male.","2","1","N/A","N/A","N/A","N/A","N/A"
"Name","Commander has a title (King, Master, Captain...)","Bearer of a Title","Your commander's name must include a title (e.g., King, Master, Captain).","2","2","is:commander legal:commander name:/King|Queen|Master|Captain|Lord|Lady|Prince|Princess|Emperor|Empress|General|Admiral|Baron|Baroness|Duke|Duchess/","https://scryfall.com/search?q=is%3Acommander%20legal%3Acommander%20name%3A/King%7CQueen%7CMaster%7CCaptain%7CLord%7CLady%7CPrince%7CPrincess%7CEmperor%7CEmpress%7CGeneral%7CAdmiral%7CBaron%7CBaroness%7CDuke%7CDuchess/","N/A","333","66,3"
"Name","Name has to start with one of your initials","Name Foretold","Your commander's name must start with one of your initials.","2","1","N/A","N/A","N/A","N/A","N/A"
"Name","Commander name has less or equal 15 characters","Forgotten Titles","Your commander's name must contain 15 or fewer characters.","2","2","is:commander legal:commander name:/^.{1,15}$/","https://scryfall.com/search?q=is%3Acommander+legal%3Acommander+name%3A%2F%5E.%7B1%2C15%7D%24%2F&unique=cards&as=grid&order=name","N/A","371","69,9"
"Name","Commander name has more than 25 characters (eng)","Tounge Twister","Your commander's name must contain 25 or more characters.","2","1","is:commander legal:commander name:/^.{25,}$/ -is:mdfc -is:transform","https://scryfall.com/search?q=is%3Acommander+legal%3Acommander+name%3A%2F%5E.%7B25%2C%7D%24%2F+-is%3Amdfc+-is%3Atransform&unique=cards&as=grid&order=name","N/A","968","89,2"
"Name","Commander name consists of 1 word","Single Name","Your commander's name must consist of exactly one word.","2","3","is:commander legal:commander name:/^\w+$/","https://scryfall.com/search?q=is%3Acommander+legal%3Acommander+name%3A%2F%5E%5Cw%2B%24%2F&unique=cards&as=grid&order=name","N/A","34","7,2"
"Name","Two words","Twofold Name","Your commander's name must consist of exactly two words.","2","2","is:commander legal:commander name:/^\w+ \w+$/","https://scryfall.com/search?q=is%3Acommander+legal%3Acommander+name%3A%2F%5E%5Cw%2B+%5Cw%2B%24%2F&unique=cards&as=grid&order=name","N/A","346","67,5"
"Name","Three words","Threefold Name","Your commander's name must consist of exactly three words.","2","2","is:commander legal:commander name:/^\w+ \w+ \w+$/","https://scryfall.com/search?q=is%3Acommander+legal%3Acommander+name%3A%2F%5E%5Cw%2B+%5Cw%2B+%5Cw%2B%24%2F&unique=cards&as=grid&order=name","N/A","281","61,4"
"Name","More than three words","Long-Winded Legend","Your commander's name must consist of more than three words.","2","1","is:commander legal:commander name:/^\w+ \w+ \w+ \w+/","https://scryfall.com/search?q=is%3Acommander+legal%3Acommander+name%3A%2F%5E%5Cw%2B+%5Cw%2B+%5Cw%2B+%5Cw%2B%2F&unique=cards&as=grid&order=name","N/A","160","47"
"Plane / Set","Set: Bloomburrow and Eldraine","Storybook Realms","Your commander must come from a Bloomburrow- or Eldraine-related set.","2","2","is:commander legal:commander (set:eld or set:woe or set:blb)","https://scryfall.com/search?q=is%3Acommander+legal%3Acommander+name%3A%2F%5E%5Cw%2B+%5Cw%2B%24%2F&unique=cards&as=grid&order=name","N/A","69","12"
"Plane / Set","Set: Dominaria Plane","Dominaria-Born","Your commander must come from a Dominaria-related set.","2","2","is:commander legal:commander (set:atq or set:leg or set:drk or set:fem or set:ice or set:all or set:mir or set:vis or set:wth or set:usg or set:ulg or set:uds or set:pcy or set:inv or set:pls or set:apc or set:ody or set:tor or set:jud or set:ons or set:lgn or set:scg or set:csp or set:tsp or set:plc or set:fut or set:dom or set:dmu or set:bro)","https://scryfall.com/search?q=is%3Acommander%20legal%3Acommander%20%28set%3Aatq%20or%20set%3Aleg%20or%20set%3Adrk%20or%20set%3Afem%20or%20set%3Aice%20or%20set%3Aall%20or%20set%3Amir%20or%20set%3Avis%20or%20set%3Awth%20or%20set%3Ausg%20or%20set%3Aulg%20or%20set%3Auds%20or%20set%3Apcy%20or%20set%3Ainv%20or%20set%3Apls%20or%20set%3Aapc%20or%20set%3Aody%20or%20set%3Ator%20or%20set%3Ajud%20or%20set%3Aons%20or%20set%3Algn%20or%20set%3Ascg%20or%20set%3Acsp%20or%20set%3Atsp%20or%20set%3Aplc%20or%20set%3Afut%20or%20set%3Adom%20or%20set%3Admu%20or%20set%3Abro%29","N/A","290","62,7"
"Plane / Set","Set: Edge of Eternities + Duskmourn + Neon Dynasty","Neon Nightmares","Your commander must come from Edge of Eternities, Duskmourn, or Kamigawa: Neon Dynasty.","2","2","is:commander legal:commander (set:eoe or set:dsk or set:neo)","https://scryfall.com/search?q=is%3Acommander%20legal%3Acommander%20%28set%3Aeoe%20or%20set%3Adsk%20or%20set%3Aneo%29","N/A","69","12"
"Plane / Set","Set: Innistrad or Phyrexia","Horror and Compleation","Your commander must come from an Innistrad- or Phyrexia-related set.","2","2","is:commander legal:commander (set:isd or set:dka or set:avr or set:soi or set:emn or set:mid or set:vow or set:usg or set:ulg or set:uds or set:nph or set:one)","https://scryfall.com/search?q=is%3Acommander%20legal%3Acommander%20%28set%3Aisd%20or%20set%3Adka%20or%20set%3Aavr%20or%20set%3Asoi%20or%20set%3Aemn%20or%20set%3Amid%20or%20set%3Avow%20or%20set%3Ausg%20or%20set%3Aulg%20or%20set%3Auds%20or%20set%3Anph%20or%20set%3Aone%29","N/A","95","28,9"
"Plane / Set","Set: Lorwyn-Shadowmoor or Kaldheim","Myths and Twilight","Your commander must come from a Lorwyn, Shadowmoor, or Kaldheim-related set.","2","2","is:commander legal:commander (set:lrw or set:mor or set:shm or set:eve or set:ecl or set:khm)","https://scryfall.com/search?q=is%3Acommander%20legal%3Acommander%20%28set%3Alrw%20or%20set%3Amor%20or%20set%3Ashm%20or%20set%3Aeve%20or%20set%3Aecl%20or%20set%3Akhm%29","N/A","71","15,7"
"Plane / Set","Set: Modern Horizons and Double Masters","Masters of Horizons","Your commander must come from a Modern Horizons or Double Masters set.","2","2","is:commander legal:commander (set:mh1 or set:mh3 or set:mh2 or set:2xm or set:2x2)","https://scryfall.com/search?q=is%3Acommander%20legal%3Acommander%20%28set%3Amh1%20or%20set%3Amh3%20or%20set%3Amh2%20or%20set%3A2xm%20or%20set%3A2x2%29","N/A","130","39,8"
"Plane / Set","Set: Murders at Karlov Manor, Aetherdrift, Thunder Junction","Bad Taste","Your commander must come from Murders at Karlov Manor, Aetherdrift, or Outlaws of Thunder Junction.","2","2","is:commander legal:commander (set:otj or set:dft or set:mkm)","https://scryfall.com/search?q=is%3Acommander%20legal%3Acommander%20%28set%3Aotj%20or%20set%3Adft%20or%20set%3Amkm%29","N/A","99","30,1"
"Plane / Set","Set: Ravnica Plane","Guildmarked","Your commander must come from a Ravnica-related set.","2","2","is:commander legal:commander (set:rav or set:gpt or set:dis or set:rtr or set:gtc or set:dgm or set:grn or set:rna or set:war or set:snc)","https://scryfall.com/search?q=is%3Acommander%20legal%3Acommander%20%28set%3Arav%20or%20set%3Agpt%20or%20set%3Adis%20or%20set%3Artr%20or%20set%3Agtc%20or%20set%3Adgm%20or%20set%3Agrn%20or%20set%3Arna%20or%20set%3Awar%20or%20set%3Asnc%29","N/A","92","26,5"
"Plane / Set","Set: Tarkir and Theros","Gods and Dragons","Your commander must come from a Tarkir- or Theros-related set.","2","2","is:commander legal:commander (set:ktk or set:frf or set:dtk or set:dts or set:tdm or set:ths or set:bng or set:jou or set:thb)","https://scryfall.com/search?q=is%3Acommander%20legal%3Acommander%20%28set%3Aktk%20or%20set%3Afrf%20or%20set%3Adtk%20or%20set%3Adts%20or%20set%3Atdm%20or%20set%3Aths%20or%20set%3Abng%20or%20set%3Ajou%20or%20set%3Athb%29","N/A","93","27,7"
"Plane / Set","Set: Zendikar or Ixalan","Worlds of Discovery","Your commander must come from a Zendikar- or Ixalan-related set.","2","2","is:commander legal:commander (set:zen or set:wwk or set:roe or set:bfz or set:ogw or set:znr or set:xln or set:rix or set:lci)","https://scryfall.com/search?q=is%3Acommander%20legal%3Acommander%20%28set%3Azen%20or%20set%3Awwk%20or%20set%3Aroe%20or%20set%3Abfz%20or%20set%3Aogw%20or%20set%3Aznr%20or%20set%3Axln%20or%20set%3Arix%20or%20set%3Alci%29","N/A","89","25,3"
"Popularity","EDHREC <= 1000","Forgotten Favorite","Your commander must be ranked 1000 or lower on EDHREC popularity.","2","3","N/A","N/A","N/A","N/A","N/A"
"Popularity","EDHREC <= 2000","Hidden Legend","Your commander must be ranked 2000 or lower on EDHREC popularity.","2","3","N/A","N/A","N/A","N/A","N/A"
"Popularity","EDHREC <= 300","Obscurity","Your commander must be ranked 300 or lower on EDHREC popularity.","2","1","N/A","N/A","N/A","N/A","N/A"
"Popularity","EDHREC <= 600","Deep Cut","Your commander must be ranked 600 or lower on EDHREC popularity.","2","2","N/A","N/A","N/A","N/A","N/A"
"Price","Has to be below 0.10€ (cardmarket 30day avg)","Worthless Relic","Your commander must cost less than €0.10 based on Cardmarket's 30-day average.","2","3","is:commander legal:commander eur<0.10","https://scryfall.com/search?q=is%3Acommander+legal%3Acommander+eur%3C0.10&unique=cards&as=grid&order=name","N/A","253","59"
"Price","Has to be below 0.25€ (cardmarket 30day avg)","Copper Legend","Your commander must cost less than €0.25 based on Cardmarket's 30-day average.","2","2","is:commander legal:commander eur<0.25","https://scryfall.com/search?q=is%3Acommander+legal%3Acommander+eur%3C0.25&unique=cards&as=grid&order=name","N/A","1127","92,8"
"Price","Has to be below 0.50€ (cardmarket 30day avg)","Common Coin","Your commander must cost less than €0.50 based on Cardmarket's 30-day average.","2","1","is:commander legal:commander eur<0.5","https://scryfall.com/search?q=is%3Acommander+legal%3Acommander+eur%3C0.5&unique=cards&as=grid&order=name","N/A","1754","96,4"
"Price","Has to be below 1€ (cardmarket 30day avg)","Poverty","Your commander must cost less than €1 based on Cardmarket's 30-day average.","2","1","is:commander legal:commander eur<1.00","https://scryfall.com/search?q=is%3Acommander+legal%3Acommander+eur%3C1.00&unique=cards&as=grid&order=name","N/A","2219","100"
"Printing","At least 3 printings","Told in Many Tales","Your commander must have at least three printings.","2","1","is:commander legal:commander prints>=3","https://scryfall.com/search?q=is%3Acommander+legal%3Acommander+eur%3C1.00&unique=cards&as=grid&order=name","N/A","1942","98,8"
"Printing","Only one printing exists","Singular Legend","Your commander must have only one printing.","2","2","is:commander legal:commander prints=1","https://scryfall.com/search?q=is%3Acommander%20legal%3Acommander%20prints%3D1","N/A","653","85,5"
"Printing","At leas 8 printings","Many Faces","Your commander must have at least eight printings.","2","1","is:commander legal:commander prints>=8","https://scryfall.com/search?q=is%3Acommander+legal%3Acommander+prints%3E%3D8&unique=cards&as=grid&order=name","N/A","224","56,6"
"Printing Date","Must be printed < 2012","Ancient Lineage","Your commander must have been printed before 2012.","2","3","is:commander legal:commander year<2012","https://scryfall.com/search?q=is%3Acommander%20legal%3Acommander%20year%3C2012","N/A","448","77,1"
"Printing Date","Must be printed >= 2012 but < 2018","Modern Awakening","Your commander must have been printed between 2012 and 2017.","2","2","is:commander legal:commander year>=2012 year<2018","https://scryfall.com/search?q=is%3Acommander%20legal%3Acommander%20year%3E%3D2012%20year%3C2018","N/A","380","72,3"
"Printing Date","Must be printed >= 2018 but <2021","Rise of Legends","Your commander must have been printed between 2018 and 2020.","2","1","is:commander legal:commander year>=2018 year<2021","https://scryfall.com/search?q=is%3Acommander%20legal%3Acommander%20year%3E%3D2018%20year%3C2021","N/A","614","83,1"
"Printing Date","Must be printed >= 2021 <2024","Age of Power","Your commander must have been printed between 2021 and 2023.","2","1","is:commander legal:commander year>=2021 year<2024","https://scryfall.com/search?q=is%3Acommander%20legal%3Acommander%20year%3E%3D2021%20year%3C2024","N/A","1482","94"
"Printing Date","Must be printed >= 2024","New Era","Your commander must have been printed in 2024 or later.","2","1","is:commander legal:commander year>=2024","https://scryfall.com/search?q=is%3Acommander%20legal%3Acommander%20year%3E%3D2024","N/A","1835","97,6"
"Printing Date","Printed in one of the last 3 sets","Fresh Ink","Your commander must come from one of the three most recently released sets.","2","2","N/A","N/A","Counts the three newest main Magic expansions released before your quest starts, including their Commander decks and Universes Beyond sets. Secret Lair, Masters sets and other supplemental products don't count. See scryfall.com/sets for the release order.","N/A","N/A"
"Rules Text","Rules longer than 6 lines (eng)","A Saga Unfolds","Your commander's rules text must be longer than 6 lines.","2","1","N/A","N/A","N/A","N/A","N/A"
"Rules Text","Rules shorter than 3 lines (eng)","A Simple Tale","Your commander's rules text must be shorter than 3 lines.","2","2","N/A","N/A","N/A","N/A","N/A"
"Special Sets","Has a full art version","Legend Remembered","Your commander must have a full-art version.","2","1","is:commander legal:commander is:fullart","https://scryfall.com/search?q=is%3Acommander%20legal%3Acommander%20is%3Afullart","N/A","945","88"
"Special Sets","Has a showcase version","Showcase Legend","Your commander must have a showcase printing.","2","2","is:commander legal:commander is:showcase","https://scryfall.com/search?q=is%3Acommander%20legal%3Acommander%20is%3Ashowcase","N/A","768","86,7"
"Special Sets","Has to be from Universe Beyond set","From Distant Realms","Your commander must be from Universes Beyond or have a Secret Lair printing.","2","2","is:commander legal:commander (set:40k or set:bot or set:ltr or set:ltc or set:who or set:rex or set:clu or set:pip or set:acr or set:fin or set:fic or set:spm or set:spe or set:tla or set:tle or set:tmt or set:tmc or set:msh or set:msc or set:hob or set:hoc)","https://scryfall.com/search?q=is%3Acommander+legal%3Acommander+%28set%3A40k+or+set%3Abot+or+set%3Altr+or+set%3Altc+or+set%3Awho+or+set%3Arex+or+set%3Aclu+or+set%3Apip+or+set%3Aacr+or+set%3Afin+or+set%3Afic+or+set%3Aspm+or+set%3Aspe+or+set%3Atla+or+set%3Atle+or+set%3Atmt+or+set%3Atmc+or+set%3Amsh+or+set%3Amsc+or+set%3Ahob+or+set%3Ahoc%29&unique=cards&as=grid&order=name","N/A","1275","81,9"
"Special Sets","Has to be old border","Relic of the Past","Your commander must have an old border.","2","2","is:commander legal:commander frame:old","https://scryfall.com/search?q=is%3Acommander+legal%3Acommander+frame%3Aold+&unique=cards&as=grid&order=name","N/A","310","65,1"
"Special Sets","Has to be secret lair","Hidden Beyond the Veil","Your commander must have a Secret Lair printing.","2","1","is:commander legal:commander set:sld","https://scryfall.com/search?q=is%3Acommander%20legal%3Acommander%20set%3Asld","N/A","377","71,1"
"Special Sets","Has white border","White-Bordered Relic","Your commander must have a white-bordered printing.","2","3","is:commander legal:commander border:white","https://scryfall.com/search?q=is%3Acommander%20legal%3Acommander%20border%3Awhite","N/A","87","22,9"
